Frame,Track_ID,X1,Y1,X2,Y2,Confidence
1,1,757.0,358.0,1391.0,1430.0,0.8839
1,2,1861.0,62.0,2557.0,1433.0,0.8641
1,3,651.0,791.0,832.0,1319.0,0.8104
1,4,1433.0,399.0,2125.0,1409.0,0.7171
1,5,1415.0,749.0,1644.0,1381.0,0.7008
1,6,1596.0,806.0,1678.0,984.0,0.5843
1,7,1370.0,739.0,1458.0,1000.0,0.4698
1,8,1686.0,761.0,1836.0,1327.0,0.4313
1,9,1717.0,762.0,1825.0,942.0,0.3502
1,10,565.0,810.0,641.0,887.0,0.2939
2,1,747.0,362.0,1378.0,1428.0,0.8743
2,2,1876.0,75.0,2560.0,1427.0,0.8819
2,3,651.0,792.0,830.0,1313.0,0.7731
2,4,1413.0,400.0,2112.0,1420.0,0.7836
2,5,1405.0,749.0,1635.0,1387.0,0.5665
2,6,1597.0,807.0,1668.0,959.0,0.3536
2,7,1366.0,742.0,1450.0,993.0,0.3313
3,1,718.0,365.0,1347.0,1426.0,0.8493
3,2,1877.0,104.0,2550.0,1429.0,0.9061
3,3,649.0,798.0,825.0,1312.0,0.7249
3,4,1399.0,404.0,2099.0,1425.0,0.851
3,5,1380.0,747.0,1612.0,1391.0,0.5775
3,6,1594.0,809.0,1658.0,944.0,0.2741
3,7,1375.0,745.0,1454.0,980.0,0.3112
4,1,694.0,372.0,1318.0,1426.0,0.8544
4,2,1869.0,133.0,2530.0,1429.0,0.8458
4,3,648.0,804.0,815.0,1296.0,0.5543
4,4,1383.0,406.0,2083.0,1427.0,0.8077
4,5,1382.0,744.0,1615.0,1395.0,0.5244
4,7,1382.0,747.0,1460.0,978.0,0.2804
4,16,542.0,812.0,656.0,991.0,0.3336
4,17,1290.0,742.0,1405.0,1360.0,0.6469
5,1,684.0,377.0,1304.0,1426.0,0.8454
5,2,1874.0,164.0,2522.0,1430.0,0.9025
5,3,650.0,814.0,800.0,1256.0,0.5898
5,4,1345.0,407.0,2048.0,1427.0,0.9116
5,5,1401.0,753.0,1631.0,1401.0,0.3816
5,7,1388.0,748.0,1463.0,967.0,0.3984
5,17,1274.0,747.0,1392.0,1375.0,0.5496
6,1,664.0,383.0,1280.0,1426.0,0.8588
6,2,1873.0,197.0,2509.0,1428.0,0.8457
6,3,655.0,827.0,791.0,1233.0,0.3993
6,4,1322.0,406.0,2029.0,1426.0,0.8759
6,5,1403.0,756.0,1633.0,1407.0,0.6899
6,7,1389.0,749.0,1467.0,974.0,0.5055
6,17,1257.0,746.0,1378.0,1382.0,0.6217
6,23,633.0,837.0,722.0,1226.0,0.3784
7,1,647.0,391.0,1258.0,1428.0,0.8667
7,2,1852.0,230.0,2481.0,1427.0,0.8119
7,4,1299.0,406.0,2006.0,1422.0,0.8571
7,5,1396.0,762.0,1621.0,1411.0,0.5999
7,7,1391.0,749.0,1466.0,961.0,0.4009
7,17,1249.0,747.0,1371.0,1383.0,0.5973
7,23,628.0,835.0,718.0,1229.0,0.5786
8,1,634.0,403.0,1236.0,1427.0,0.8814
8,2,1837.0,257.0,2465.0,1426.0,0.8824
8,4,1252.0,408.0,1965.0,1424.0,0.8851
8,5,1382.0,765.0,1601.0,1407.0,0.5793
8,7,1392.0,746.0,1464.0,947.0,0.5031
8,17,1242.0,749.0,1366.0,1385.0,0.6198
8,23,626.0,835.0,718.0,1236.0,0.5722
9,1,618.0,413.0,1214.0,1427.0,0.8759
9,2,1849.0,283.0,2474.0,1425.0,0.8936
9,4,1232.0,411.0,1953.0,1427.0,0.871
9,5,1373.0,757.0,1559.0,1312.0,0.469
9,7,1391.0,745.0,1462.0,940.0,0.5425
9,17,1242.0,752.0,1369.0,1391.0,0.6533
9,23,642.0,837.0,717.0,1159.0,0.4006
10,1,600.0,423.0,1189.0,1428.0,0.9048
10,2,1850.0,306.0,2475.0,1425.0,0.9052
10,4,1217.0,419.0,1941.0,1428.0,0.8578
10,7,1389.0,746.0,1460.0,936.0,0.2621
10,17,1227.0,755.0,1359.0,1394.0,0.6052
11,1,575.0,432.0,1160.0,1428.0,0.8945
11,2,1845.0,325.0,2473.0,1426.0,0.91
11,4,1198.0,428.0,1925.0,1429.0,0.9015
11,17,1226.0,759.0,1361.0,1397.0,0.7063
11,41,451.0,831.0,525.0,968.0,0.44
11,42,392.0,847.0,447.0,967.0,0.3703
12,1,553.0,439.0,1134.0,1429.0,0.9068
12,2,1836.0,340.0,2470.0,1425.0,0.894
12,4,1185.0,438.0,1910.0,1429.0,0.8522
12,17,1228.0,766.0,1366.0,1400.0,0.5563
12,41,450.0,831.0,530.0,979.0,0.3714
12,42,392.0,848.0,448.0,972.0,0.345
13,1,528.0,444.0,1106.0,1429.0,0.8852
13,2,1829.0,352.0,2473.0,1427.0,0.9129
13,4,1150.0,451.0,1864.0,1430.0,0.8154
13,17,1216.0,763.0,1360.0,1397.0,0.5886
13,42,394.0,849.0,449.0,970.0,0.3322
14,1,500.0,450.0,1075.0,1428.0,0.876
14,2,1823.0,365.0,2475.0,1428.0,0.9259
14,4,1116.0,461.0,1834.0,1428.0,0.7912
14,17,1216.0,765.0,1361.0,1393.0,0.6227
15,1,472.0,453.0,1046.0,1426.0,0.8534
15,2,1808.0,376.0,2470.0,1428.0,0.9067
15,4,1090.0,473.0,1811.0,1425.0,0.8166
15,17,1203.0,766.0,1347.0,1386.0,0.4274
15,56,1214.0,775.0,1343.0,971.0,0.4078
16,1,446.0,454.0,1022.0,1426.0,0.8989
16,2,1813.0,388.0,2479.0,1425.0,0.9344
16,4,1063.0,485.0,1787.0,1424.0,0.8219
16,17,1199.0,754.0,1344.0,1378.0,0.3134
16,56,1210.0,764.0,1344.0,968.0,0.3642
17,1,413.0,456.0,992.0,1427.0,0.8923
17,2,1815.0,397.0,2489.0,1426.0,0.9057
17,4,1018.0,493.0,1747.0,1425.0,0.8207
17,56,1205.0,765.0,1338.0,968.0,0.3886
18,1,385.0,458.0,965.0,1427.0,0.8949
18,2,1813.0,405.0,2494.0,1429.0,0.93
18,4,995.0,497.0,1731.0,1430.0,0.8001
18,56,1196.0,766.0,1328.0,969.0,0.3296
19,1,364.0,462.0,944.0,1426.0,0.8709
19,2,1812.0,414.0,2499.0,1427.0,0.9296
19,4,964.0,498.0,1702.0,1430.0,0.7936
20,1,350.0,465.0,932.0,1425.0,0.8861
20,2,1808.0,424.0,2499.0,1426.0,0.9323
20,4,927.0,495.0,1663.0,1430.0,0.8132
20,66,953.0,821.0,1017.0,1003.0,0.3668
21,1,354.0,467.0,934.0,1425.0,0.8731
21,2,1808.0,436.0,2502.0,1426.0,0.9195
21,4,904.0,492.0,1638.0,1429.0,0.8014
21,66,958.0,819.0,1023.0,1004.0,0.3468
22,1,329.0,469.0,911.0,1427.0,0.9064
22,2,1805.0,449.0,2502.0,1427.0,0.9241
22,4,898.0,488.0,1631.0,1429.0,0.8057
22,66,965.0,822.0,1027.0,999.0,0.4934
22,72,886.0,807.0,1014.0,1343.0,0.6952
22,73,1566.0,788.0,1708.0,1287.0,0.6386
23,1,307.0,471.0,888.0,1427.0,0.9216
23,2,1809.0,462.0,2506.0,1426.0,0.9331
23,4,849.0,483.0,1579.0,1430.0,0.7934
23,66,973.0,823.0,1031.0,986.0,0.4633
23,72,866.0,791.0,1004.0,1360.0,0.8501
23,73,1567.0,790.0,1710.0,1291.0,0.6923
24,1,300.0,475.0,878.0,1428.0,0.9255
24,2,1819.0,476.0,2515.0,1427.0,0.9302
24,4,827.0,480.0,1553.0,1428.0,0.7996
24,66,982.0,820.0,1034.0,964.0,0.4668
24,72,847.0,793.0,988.0,1367.0,0.8503
24,73,1573.0,789.0,1718.0,1294.0,0.7215
24,80,1459.0,759.0,1585.0,1338.0,0.6076
25,1,293.0,481.0,865.0,1429.0,0.9107
25,2,1819.0,492.0,2513.0,1427.0,0.9374
25,4,787.0,476.0,1511.0,1429.0,0.7829
25,66,987.0,819.0,1036.0,950.0,0.4587
25,72,836.0,806.0,977.0,1369.0,0.6858
25,73,1572.0,792.0,1718.0,1299.0,0.7643
25,80,1453.0,750.0,1577.0,1314.0,0.4852
26,1,277.0,487.0,844.0,1429.0,0.9069
26,2,1821.0,504.0,2516.0,1427.0,0.9324
26,4,764.0,480.0,1479.0,1430.0,0.8233
26,72,832.0,814.0,973.0,1368.0,0.5412
26,73,1569.0,790.0,1717.0,1302.0,0.7944
26,80,1426.0,737.0,1576.0,1411.0,0.5521
27,1,263.0,495.0,823.0,1429.0,0.9087
27,2,1828.0,518.0,2520.0,1426.0,0.923
27,4,751.0,487.0,1455.0,1431.0,0.8386
27,73,1569.0,792.0,1718.0,1306.0,0.8001
27,80,1427.0,747.0,1581.0,1436.0,0.7656
28,1,258.0,504.0,810.0,1426.0,0.8296
28,2,1851.0,530.0,2536.0,1426.0,0.9277
28,4,755.0,494.0,1444.0,1430.0,0.7936
28,73,1567.0,794.0,1718.0,1307.0,0.7998
28,80,1424.0,751.0,1582.0,1440.0,0.8405
29,1,243.0,514.0,790.0,1425.0,0.8681
29,2,1847.0,538.0,2531.0,1425.0,0.9341
29,4,728.0,497.0,1414.0,1430.0,0.8084
29,73,1565.0,796.0,1717.0,1308.0,0.8174
29,80,1413.0,747.0,1575.0,1440.0,0.7979
29,8,1757.0,850.0,1843.0,1154.0,0.6775
30,1,226.0,522.0,769.0,1426.0,0.8949
30,2,1870.0,544.0,2549.0,1424.0,0.9294
30,4,707.0,499.0,1391.0,1428.0,0.8199
30,73,1566.0,795.0,1720.0,1308.0,0.814
30,80,1404.0,747.0,1570.0,1440.0,0.7922
30,8,1763.0,854.0,1852.0,1147.0,0.6242
31,1,210.0,528.0,751.0,1426.0,0.9148
31,2,1881.0,545.0,2558.0,1424.0,0.9346
31,4,686.0,502.0,1362.0,1427.0,0.7957
31,73,1566.0,794.0,1721.0,1309.0,0.8108
31,80,1397.0,746.0,1568.0,1440.0,0.8358
31,8,1763.0,853.0,1854.0,1144.0,0.5981
32,1,198.0,531.0,737.0,1426.0,0.9067
32,2,1877.0,546.0,2555.0,1425.0,0.9215
32,4,675.0,519.0,1339.0,1428.0,0.8211
32,73,1563.0,793.0,1721.0,1310.0,0.8076
32,80,1390.0,747.0,1566.0,1440.0,0.8474
32,8,1763.0,852.0,1857.0,1142.0,0.5437
33,1,184.0,532.0,721.0,1424.0,0.9063
33,2,1861.0,547.0,2543.0,1425.0,0.9194
33,4,662.0,532.0,1317.0,1428.0,0.8245
33,73,1560.0,795.0,1717.0,1307.0,0.7715
33,80,1385.0,746.0,1565.0,1440.0,0.8321
33,8,1763.0,851.0,1860.0,1142.0,0.565
33,93,27.0,45.0,163.0,1422.0,0.795
34,1,200.0,532.0,727.0,1424.0,0.8749
34,2,1865.0,551.0,2546.0,1425.0,0.9165
34,4,652.0,543.0,1299.0,1429.0,0.8102
34,73,1559.0,796.0,1716.0,1306.0,0.7841
34,80,1382.0,747.0,1565.0,1440.0,0.8237
34,8,1761.0,853.0,1860.0,1143.0,0.4864
34,93,74.0,17.0,216.0,1419.0,0.8327
34,97,1737.0,852.0,1815.0,1131.0,0.3539
34,5,1176.0,785.0,1377.0,1405.0,0.4357
35,1,233.0,532.0,745.0,1424.0,0.8631
35,2,1869.0,555.0,2550.0,1427.0,0.9189
35,4,627.0,550.0,1267.0,1428.0,0.8402
35,73,1562.0,795.0,1722.0,1309.0,0.7928
35,80,1382.0,746.0,1568.0,1440.0,0.8034
35,8,1758.0,855.0,1860.0,1145.0,0.29
35,93,122.0,4.0,273.0,1415.0,0.8464
35,97,1735.0,854.0,1810.0,1122.0,0.4018
35,5,1162.0,787.0,1361.0,1423.0,0.5113
36,1,276.0,529.0,767.0,1425.0,0.7417
36,2,1863.0,558.0,2545.0,1427.0,0.9235
36,4,611.0,559.0,1245.0,1428.0,0.8674
36,73,1563.0,794.0,1726.0,1313.0,0.781
36,80,1368.0,741.0,1560.0,1439.0,0.8126
36,93,163.0,2.0,327.0,1418.0,0.868
36,97,1737.0,860.0,1806.0,1105.0,0.4334
36,5,1148.0,783.0,1348.0,1436.0,0.678
37,2,1863.0,562.0,2545.0,1428.0,0.9076
37,4,585.0,565.0,1212.0,1427.0,0.8288
37,73,1560.0,794.0,1725.0,1315.0,0.7821
37,80,1360.0,738.0,1559.0,1439.0,0.8149
37,93,195.0,1.0,379.0,1420.0,0.8916
37,97,1737.0,865.0,1804.0,1103.0,0.4981
37,5,1136.0,772.0,1337.0,1434.0,0.6467
38,2,1852.0,568.0,2535.0,1430.0,0.8935
38,4,568.0,568.0,1190.0,1429.0,0.8651
38,73,1560.0,793.0,1731.0,1326.0,0.7884
38,80,1355.0,741.0,1557.0,1440.0,0.7951
38,97,1736.0,863.0,1805.0,1109.0,0.4997
38,5,1130.0,764.0,1331.0,1434.0,0.6982
38,1,12.0,121.0,712.0,1422.0,0.895
39,2,1832.0,575.0,2513.0,1430.0,0.9037
39,4,569.0,568.0,1182.0,1429.0,0.8765
39,73,1559.0,793.0,1734.0,1340.0,0.8006
39,80,1343.0,743.0,1548.0,1440.0,0.823
39,97,1734.0,861.0,1803.0,1105.0,0.5224
39,5,1114.0,773.0,1315.0,1439.0,0.7273
39,1,0.0,37.0,717.0,1422.0,0.8116
40,2,1834.0,583.0,2513.0,1429.0,0.9148
40,4,591.0,568.0,1185.0,1426.0,0.8812
40,73,1554.0,793.0,1733.0,1345.0,0.7777
40,80,1327.0,744.0,1536.0,1440.0,0.8493
40,97,1733.0,862.0,1802.0,1104.0,0.5178
40,5,1099.0,776.0,1301.0,1440.0,0.6969
40,1,0.0,3.0,740.0,1423.0,0.7855
41,2,1837.0,591.0,2513.0,1428.0,0.9189
41,4,612.0,568.0,1186.0,1425.0,0.8525
41,73,1546.0,794.0,1725.0,1339.0,0.7569
41,80,1313.0,746.0,1527.0,1440.0,0.8614
41,97,1733.0,864.0,1802.0,1103.0,0.5076
41,5,1082.0,779.0,1286.0,1439.0,0.7294
41,1,0.0,0.0,771.0,1423.0,0.6377
41,104,1073.0,411.0,1160.0,632.0,0.5245
42,2,1830.0,600.0,2500.0,1427.0,0.9044
42,4,631.0,570.0,1171.0,1408.0,0.794
42,73,1542.0,797.0,1723.0,1341.0,0.729
42,80,1301.0,745.0,1521.0,1440.0,0.8587
42,97,1730.0,864.0,1801.0,1105.0,0.4342
42,5,1065.0,782.0,1273.0,1440.0,0.6105
42,1,22.0,0.0,812.0,1427.0,0.7538
42,104,1072.0,411.0,1159.0,630.0,0.459
42,106,2471.0,1019.0,2560.0,1271.0,0.424
43,2,1834.0,614.0,2497.0,1427.0,0.8966
43,4,651.0,575.0,1145.0,1371.0,0.5936
43,73,1534.0,797.0,1721.0,1353.0,0.7604
43,80,1288.0,748.0,1512.0,1439.0,0.8111
43,97,1728.0,864.0,1800.0,1107.0,0.4247
43,5,1075.0,783.0,1280.0,1439.0,0.5264
43,1,43.0,0.0,848.0,1425.0,0.8758
43,104,1071.0,413.0,1156.0,629.0,0.4202
43,106,2472.0,1018.0,2560.0,1266.0,0.4954
44,2,1821.0,624.0,2478.0,1428.0,0.8843
44,73,1527.0,797.0,1717.0,1359.0,0.7636
44,80,1292.0,753.0,1517.0,1438.0,0.7641
44,97,1729.0,864.0,1809.0,1132.0,0.3491
44,5,1085.0,782.0,1286.0,1439.0,0.5585
44,1,68.0,0.0,896.0,1424.0,0.8194
44,104,1070.0,414.0,1156.0,632.0,0.5051
44,106,2471.0,1021.0,2560.0,1268.0,0.5088
45,2,1800.0,637.0,2444.0,1428.0,0.8991
45,73,1521.0,798.0,1713.0,1361.0,0.7818
45,80,1282.0,752.0,1512.0,1438.0,0.8254
45,97,1730.0,864.0,1813.0,1141.0,0.2708
45,5,1066.0,780.0,1270.0,1439.0,0.6684
45,1,79.0,0.0,928.0,1424.0,0.8542
45,104,1068.0,415.0,1154.0,633.0,0.4738
45,106,2471.0,1020.0,2560.0,1266.0,0.6572
46,2,1771.0,649.0,2402.0,1429.0,0.8532
46,73,1521.0,797.0,1715.0,1361.0,0.7938
46,80,1273.0,751.0,1509.0,1440.0,0.8332
46,97,1732.0,868.0,1807.0,1114.0,0.3201
46,5,1054.0,767.0,1262.0,1434.0,0.4746
46,1,81.0,0.0,949.0,1423.0,0.7423
46,104,1068.0,416.0,1152.0,628.0,0.385
46,106,2471.0,1021.0,2560.0,1263.0,0.6213
47,2,1759.0,659.0,2381.0,1429.0,0.897
47,73,1519.0,800.0,1711.0,1354.0,0.7903
47,80,1262.0,751.0,1504.0,1440.0,0.8443
47,97,1731.0,868.0,1804.0,1106.0,0.4058
47,5,1048.0,776.0,1255.0,1431.0,0.7695
47,1,83.0,0.0,971.0,1425.0,0.6792
47,106,2471.0,1021.0,2559.0,1263.0,0.6311
47,111,2128.0,701.0,2374.0,1186.0,0.6274
48,2,1748.0,665.0,2365.0,1429.0,0.8837
48,73,1509.0,798.0,1707.0,1362.0,0.713
48,80,1256.0,753.0,1502.0,1439.0,0.8127
48,97,1729.0,868.0,1803.0,1103.0,0.4493
48,5,1040.0,781.0,1247.0,1432.0,0.7722
48,1,89.0,0.0,995.0,1425.0,0.8406
48,106,2470.0,1023.0,2558.0,1265.0,0.6953
48,111,2101.0,703.0,2402.0,1295.0,0.6247
48,115,1417.0,743.0,1557.0,1325.0,0.3674
49,2,1728.0,669.0,2338.0,1429.0,0.9051
49,73,1499.0,794.0,1698.0,1364.0,0.6276
49,80,1241.0,752.0,1492.0,1439.0,0.7766
49,97,1728.0,869.0,1800.0,1093.0,0.3388
49,5,1035.0,782.0,1244.0,1437.0,0.7638
49,1,93.0,13.0,1007.0,1425.0,0.9138
49,106,2470.0,1022.0,2559.0,1267.0,0.6362
49,111,2106.0,694.0,2410.0,1292.0,0.7771
49,115,1412.0,743.0,1549.0,1315.0,0.3297
50,2,1712.0,671.0,2317.0,1430.0,0.9049
50,73,1484.0,791.0,1689.0,1374.0,0.6649
50,80,1226.0,750.0,1483.0,1439.0,0.8058
50,97,1731.0,872.0,1800.0,1088.0,0.2672
50,5,1031.0,782.0,1239.0,1431.0,0.7396
50,1,96.0,40.0,1017.0,1425.0,0.9216
50,106,2470.0,1023.0,2559.0,1267.0,0.6294
50,111,2097.0,690.0,2460.0,1404.0,0.687
50,115,1404.0,744.0,1539.0,1311.0,0.3345
51,2,1703.0,672.0,2298.0,1427.0,0.896
51,73,1485.0,786.0,1692.0,1377.0,0.7153
51,80,1205.0,747.0,1465.0,1440.0,0.8206
51,5,1025.0,784.0,1233.0,1430.0,0.744
51,1,102.0,66.0,1028.0,1426.0,0.8804
51,106,2471.0,1024.0,2559.0,1265.0,0.6337
51,111,2097.0,684.0,2481.0,1440.0,0.8134
51,115,1405.0,743.0,1543.0,1323.0,0.5301
52,2,1690.0,674.0,2278.0,1427.0,0.8999
52,73,1474.0,786.0,1682.0,1378.0,0.7201
52,80,1194.0,744.0,1456.0,1438.0,0.8183
52,5,1023.0,785.0,1233.0,1433.0,0.726
52,1,115.0,92.0,1043.0,1426.0,0.9166
52,106,2469.0,1023.0,2558.0,1268.0,0.6154
52,111,2107.0,681.0,2499.0,1440.0,0.8512
52,115,1402.0,740.0,1538.0,1316.0,0.3683
53,2,1685.0,676.0,2266.0,1426.0,0.8819
53,73,1459.0,783.0,1663.0,1369.0,0.5462
53,80,1174.0,742.0,1438.0,1436.0,0.7999
53,5,1022.0,781.0,1230.0,1431.0,0.6279
53,1,107.0,114.0,1042.0,1426.0,0.8734
53,106,2470.0,1024.0,2560.0,1271.0,0.4479
53,111,2113.0,680.0,2506.0,1440.0,0.8807
54,2,1674.0,675.0,2250.0,1426.0,0.8917
54,73,1453.0,781.0,1652.0,1360.0,0.5582
54,80,1155.0,740.0,1418.0,1435.0,0.8176
54,5,1011.0,778.0,1217.0,1421.0,0.5536
54,1,111.0,136.0,1050.0,1426.0,0.8874
54,106,2473.0,1024.0,2560.0,1270.0,0.4438
54,111,2124.0,683.0,2516.0,1440.0,0.8674
54,115,1385.0,735.0,1516.0,1299.0,0.316
55,2,1662.0,674.0,2230.0,1426.0,0.8913
55,73,1438.0,772.0,1637.0,1363.0,0.5458
55,80,1137.0,745.0,1395.0,1434.0,0.7417
55,1,123.0,148.0,1071.0,1426.0,0.8572
55,111,2139.0,684.0,2534.0,1440.0,0.8936
55,120,1595.0,801.0,1734.0,1253.0,0.4064
55,115,1381.0,734.0,1510.0,1298.0,0.2703
56,2,1658.0,676.0,2218.0,1429.0,0.8794
56,73,1419.0,764.0,1619.0,1360.0,0.6209
56,80,1116.0,742.0,1375.0,1434.0,0.8073
56,1,142.0,168.0,1089.0,1426.0,0.8966
56,111,2157.0,687.0,2551.0,1440.0,0.8856
56,120,1595.0,800.0,1736.0,1257.0,0.5015
56,121,0.0,572.0,274.0,1422.0,0.6151
57,2,1656.0,678.0,2205.0,1429.0,0.8798
57,73,1402.0,749.0,1608.0,1361.0,0.7391
57,80,1093.0,739.0,1356.0,1434.0,0.815
57,1,156.0,184.0,1102.0,1424.0,0.8604
57,111,2159.0,682.0,2555.0,1440.0,0.9125
57,120,1595.0,800.0,1734.0,1246.0,0.6455
57,121,17.0,569.0,294.0,1423.0,0.2967
58,2,1647.0,687.0,2180.0,1431.0,0.7602
58,73,1403.0,759.0,1607.0,1370.0,0.6901
58,80,1090.0,733.0,1354.0,1433.0,0.7956
58,1,218.0,199.0,1153.0,1426.0,0.6984
58,111,2166.0,677.0,2560.0,1440.0,0.9034
58,120,1597.0,799.0,1737.0,1248.0,0.675
58,121,0.0,569.0,243.0,1426.0,0.466
59,2,1656.0,685.0,2181.0,1430.0,0.8905
59,73,1394.0,745.0,1602.0,1371.0,0.7608
59,80,1087.0,734.0,1347.0,1434.0,0.8284
59,1,215.0,212.0,1149.0,1427.0,0.767
59,111,2175.0,672.0,2560.0,1440.0,0.9065
59,120,1597.0,797.0,1739.0,1249.0,0.7141
59,121,0.0,569.0,225.0,1424.0,0.7302
60,2,1660.0,688.0,2177.0,1430.0,0.8868
60,73,1378.0,742.0,1592.0,1379.0,0.4835
60,80,1083.0,734.0,1339.0,1433.0,0.809
60,1,280.0,223.0,1201.0,1427.0,0.809
60,111,2183.0,657.0,2560.0,1440.0,0.9096
60,120,1608.0,798.0,1750.0,1244.0,0.7041
60,121,0.0,571.0,209.0,1427.0,0.6946
60,127,1264.0,801.0,1419.0,1279.0,0.3873
61,2,1654.0,691.0,2157.0,1430.0,0.8775
61,73,1353.0,740.0,1567.0,1381.0,0.5471
61,80,1077.0,737.0,1329.0,1436.0,0.7518
61,1,332.0,236.0,1233.0,1426.0,0.815
61,111,2193.0,650.0,2560.0,1438.0,0.9193
61,120,1609.0,799.0,1751.0,1247.0,0.7198
61,121,0.0,572.0,197.0,1427.0,0.6392
61,127,1260.0,804.0,1407.0,1263.0,0.3508
61,128,137.0,817.0,443.0,1428.0,0.393
61,129,1491.0,803.0,1605.0,1369.0,0.3891
62,2,1669.0,695.0,2163.0,1431.0,0.8998
62,73,1349.0,734.0,1569.0,1386.0,0.742
62,80,1074.0,742.0,1320.0,1435.0,0.7341
62,1,334.0,250.0,1224.0,1425.0,0.8393
62,111,2203.0,643.0,2560.0,1438.0,0.9123
62,120,1613.0,799.0,1754.0,1246.0,0.7609
62,121,0.0,578.0,218.0,1431.0,0.4914
62,127,1256.0,801.0,1407.0,1275.0,0.5977
62,128,154.0,827.0,457.0,1429.0,0.378
63,2,1674.0,706.0,2155.0,1432.0,0.8967
63,73,1345.0,766.0,1561.0,1389.0,0.705
63,80,1065.0,739.0,1310.0,1435.0,0.5534
63,1,404.0,267.0,1275.0,1426.0,0.8425
63,111,2213.0,637.0,2560.0,1437.0,0.8703
63,120,1619.0,795.0,1762.0,1246.0,0.7156
63,121,0.0,589.0,204.0,1437.0,0.7495
63,127,1255.0,805.0,1407.0,1284.0,0.4694
63,128,129.0,654.0,521.0,1430.0,0.4989
63,130,2130.0,911.0,2196.0,1054.0,0.4266
63,129,1469.0,806.0,1583.0,1368.0,0.3141
64,2,1681.0,717.0,2147.0,1430.0,0.8708
64,73,1332.0,743.0,1562.0,1396.0,0.7052
64,80,1074.0,737.0,1283.0,1339.0,0.5657
64,1,452.0,283.0,1305.0,1427.0,0.8595
64,111,2226.0,629.0,2560.0,1438.0,0.8977
64,120,1630.0,793.0,1772.0,1246.0,0.7239
64,121,0.0,611.0,187.0,1426.0,0.7342
64,127,1255.0,790.0,1408.0,1279.0,0.504
64,128,106.0,594.0,532.0,1430.0,0.8175
64,130,2129.0,912.0,2194.0,1054.0,0.3193
64,131,1589.0,838.0,1661.0,1192.0,0.4653
65,2,1684.0,729.0,2136.0,1431.0,0.8881
65,73,1320.0,737.0,1558.0,1402.0,0.7571
65,1,485.0,303.0,1316.0,1427.0,0.8185
65,111,2236.0,620.0,2560.0,1434.0,0.7829
65,120,1636.0,792.0,1777.0,1249.0,0.6705
65,121,0.0,633.0,168.0,1418.0,0.6952
65,128,98.0,578.0,540.0,1432.0,0.8278
65,130,2122.0,911.0,2189.0,1056.0,0.3333
65,131,1591.0,840.0,1663.0,1195.0,0.4499
65,134,2196.0,941.0,2271.0,1134.0,0.5958
66,2,1688.0,734.0,2130.0,1429.0,0.8888
66,73,1315.0,736.0,1557.0,1406.0,0.8071
66,1,510.0,323.0,1315.0,1426.0,0.8636
66,111,2254.0,625.0,2560.0,1429.0,0.4553
66,120,1639.0,792.0,1780.0,1251.0,0.7369
66,121,0.0,663.0,150.0,1398.0,0.6363
66,128,47.0,569.0,494.0,1430.0,0.6868
66,130,2120.0,911.0,2187.0,1058.0,0.2959
66,131,1593.0,842.0,1665.0,1196.0,0.536
66,134,2199.0,943.0,2270.0,1126.0,0.5897
66,136,1203.0,833.0,1329.0,1295.0,0.3951
66,138,1510.0,816.0,1610.0,1205.0,0.4597
67,2,1694.0,738.0,2129.0,1430.0,0.9043
67,73,1310.0,737.0,1555.0,1409.0,0.8407
67,1,537.0,346.0,1313.0,1427.0,0.8295
67,111,2290.0,690.0,2560.0,1407.0,0.5908
67,120,1645.0,793.0,1784.0,1249.0,0.7294
67,121,0.0,728.0,130.0,1392.0,0.5796
67,128,8.0,568.0,452.0,1427.0,0.7194
67,130,2118.0,912.0,2184.0,1058.0,0.3147
67,131,1595.0,839.0,1668.0,1194.0,0.5037
67,134,2198.0,943.0,2268.0,1122.0,0.6426
67,136,1206.0,836.0,1332.0,1300.0,0.7476
67,138,1504.0,816.0,1605.0,1205.0,0.5622
67,4,291.0,622.0,761.0,1429.0,0.6602
68,2,1696.0,740.0,2125.0,1430.0,0.8863
68,73,1306.0,736.0,1554.0,1409.0,0.853
68,1,570.0,368.0,1320.0,1428.0,0.8432
68,111,2309.0,721.0,2560.0,1425.0,0.7713
68,120,1650.0,794.0,1787.0,1248.0,0.7616
68,128,0.0,574.0,439.0,1427.0,0.7662
68,130,2114.0,911.0,2179.0,1057.0,0.2922
68,131,1595.0,834.0,1669.0,1195.0,0.5883
68,134,2194.0,942.0,2262.0,1119.0,0.5561
68,136,1209.0,837.0,1334.0,1300.0,0.67
68,138,1495.0,810.0,1598.0,1210.0,0.7113
68,4,326.0,621.0,769.0,1428.0,0.7328
69,2,1695.0,736.0,2119.0,1429.0,0.8755
69,73,1301.0,735.0,1549.0,1407.0,0.838
69,1,609.0,384.0,1336.0,1428.0,0.8265
69,120,1655.0,797.0,1788.0,1249.0,0.7393
69,128,5.0,584.0,443.0,1426.0,0.8374
69,131,1595.0,833.0,1671.0,1202.0,0.542
69,134,2193.0,946.0,2258.0,1113.0,0.5151
69,138,1490.0,806.0,1596.0,1214.0,0.7527
69,4,369.0,626.0,792.0,1429.0,0.7757
69,142,0.0,819.0,58.0,1244.0,0.4508
70,2,1695.0,734.0,2116.0,1430.0,0.8635
70,73,1286.0,736.0,1533.0,1406.0,0.8408
70,1,647.0,400.0,1353.0,1427.0,0.7921
70,120,1660.0,798.0,1791.0,1245.0,0.6863
70,128,9.0,594.0,446.0,1427.0,0.8389
70,131,1594.0,831.0,1672.0,1209.0,0.5514
70,134,2192.0,944.0,2256.0,1110.0,0.4186
70,138,1487.0,803.0,1595.0,1216.0,0.6984
70,4,402.0,636.0,813.0,1431.0,0.8009
71,2,1695.0,734.0,2110.0,1428.0,0.8985
71,73,1283.0,735.0,1526.0,1407.0,0.7921
71,1,684.0,411.0,1373.0,1428.0,0.8242
71,120,1667.0,798.0,1796.0,1240.0,0.737
71,128,8.0,602.0,443.0,1427.0,0.8539
71,131,1591.0,834.0,1670.0,1215.0,0.5343
71,134,2193.0,947.0,2257.0,1112.0,0.3006
71,138,1485.0,803.0,1594.0,1217.0,0.7489
71,4,430.0,647.0,834.0,1431.0,0.7164
72,2,1686.0,734.0,2099.0,1430.0,0.9053
72,73,1288.0,737.0,1523.0,1397.0,0.5646
72,1,728.0,418.0,1404.0,1430.0,0.8232
72,120,1683.0,799.0,1793.0,1164.0,0.6033
72,128,7.0,612.0,439.0,1428.0,0.8788
72,131,1591.0,835.0,1670.0,1216.0,0.5586
72,134,2193.0,947.0,2258.0,1110.0,0.3356
72,138,1481.0,804.0,1592.0,1219.0,0.7556
72,4,460.0,647.0,860.0,1431.0,0.8194
72,106,2453.0,887.0,2560.0,1319.0,0.4483
73,2,1683.0,734.0,2094.0,1430.0,0.8691
73,1,777.0,412.0,1451.0,1429.0,0.7926
73,120,1698.0,799.0,1794.0,1104.0,0.6313
73,128,3.0,619.0,431.0,1426.0,0.8576
73,131,1590.0,837.0,1669.0,1217.0,0.6614
73,134,2192.0,949.0,2253.0,1100.0,0.2516
73,138,1479.0,805.0,1592.0,1221.0,0.7198
73,4,487.0,650.0,883.0,1430.0,0.7972
73,145,408.0,830.0,534.0,1259.0,0.6694
74,2,1677.0,739.0,2084.0,1430.0,0.8898
74,1,826.0,411.0,1494.0,1427.0,0.8598
74,120,1703.0,799.0,1796.0,1083.0,0.5422
74,128,0.0,626.0,405.0,1426.0,0.8624
74,131,1587.0,835.0,1667.0,1218.0,0.5686
74,134,2189.0,947.0,2251.0,1097.0,0.4858
74,138,1476.0,805.0,1591.0,1222.0,0.7075
74,4,515.0,657.0,909.0,1431.0,0.7801
74,145,401.0,829.0,528.0,1258.0,0.7804
74,146,2452.0,1033.0,2528.0,1269.0,0.5419
75,2,1670.0,743.0,2076.0,1429.0,0.8795
75,1,864.0,415.0,1523.0,1426.0,0.8857
75,128,0.0,629.0,400.0,1427.0,0.875
75,131,1588.0,840.0,1669.0,1223.0,0.5771
75,134,2188.0,949.0,2249.0,1095.0,0.3029
75,138,1471.0,807.0,1588.0,1223.0,0.7274
75,4,534.0,654.0,927.0,1430.0,0.8231
75,145,391.0,826.0,520.0,1258.0,0.8174
75,146,2456.0,1028.0,2536.0,1276.0,0.5821
76,2,1668.0,748.0,2072.0,1430.0,0.86
76,1,898.0,421.0,1546.0,1426.0,0.8842
76,128,0.0,630.0,398.0,1429.0,0.8793
76,131,1586.0,847.0,1668.0,1231.0,0.5481
76,134,2184.0,949.0,2245.0,1095.0,0.344
76,138,1472.0,806.0,1591.0,1223.0,0.7518
76,4,560.0,654.0,953.0,1429.0,0.7856
76,145,386.0,826.0,515.0,1257.0,0.8184
76,146,2454.0,1027.0,2537.0,1278.0,0.7126
76,104,1055.0,427.0,1128.0,603.0,0.3367
77,2,1665.0,755.0,2067.0,1431.0,0.8616
77,1,930.0,424.0,1573.0,1427.0,0.884
77,128,0.0,630.0,387.0,1426.0,0.8898
77,131,1586.0,845.0,1667.0,1231.0,0.5216
77,138,1484.0,808.0,1602.0,1227.0,0.5193
77,4,579.0,660.0,973.0,1430.0,0.7795
77,145,381.0,827.0,510.0,1257.0,0.8136
77,146,2454.0,1027.0,2538.0,1278.0,0.7489
77,149,1997.0,900.0,2053.0,1012.0,0.495
78,2,1660.0,762.0,2058.0,1430.0,0.8646
78,1,965.0,425.0,1605.0,1428.0,0.9004
78,128,0.0,629.0,375.0,1423.0,0.8893
78,131,1586.0,845.0,1666.0,1222.0,0.4493
78,4,615.0,681.0,1003.0,1432.0,0.8082
78,145,377.0,832.0,507.0,1259.0,0.8272
78,146,2452.0,1028.0,2538.0,1277.0,0.6327
78,149,1992.0,901.0,2056.0,1030.0,0.4161
78,130,2066.0,913.0,2131.0,1056.0,0.3907
79,2,1655.0,770.0,2047.0,1429.0,0.8686
79,1,996.0,427.0,1634.0,1427.0,0.8871
79,128,0.0,630.0,363.0,1421.0,0.8609
79,131,1595.0,850.0,1675.0,1218.0,0.2955
79,4,635.0,690.0,1020.0,1433.0,0.8053
79,145,374.0,842.0,502.0,1260.0,0.8363
79,146,2450.0,1029.0,2537.0,1276.0,0.5585
79,149,1981.0,895.0,2051.0,1036.0,0.343
79,130,2062.0,909.0,2129.0,1057.0,0.2968
80,2,1654.0,776.0,2041.0,1429.0,0.8687
80,1,1024.0,436.0,1657.0,1426.0,0.9083
80,128,0.0,629.0,355.0,1425.0,0.858
80,4,657.0,698.0,1038.0,1432.0,0.7552
80,145,370.0,854.0,496.0,1259.0,0.8379
80,146,2443.0,1029.0,2530.0,1273.0,0.5089
80,156,563.0,824.0,638.0,922.0,0.3562
81,2,1653.0,779.0,2036.0,1428.0,0.877
81,1,1046.0,444.0,1675.0,1424.0,0.8831
81,128,0.0,626.0,345.0,1428.0,0.8388
81,4,673.0,688.0,1058.0,1433.0,0.7066
81,145,365.0,862.0,490.0,1260.0,0.8613
81,156,563.0,823.0,639.0,922.0,0.3887
81,134,2178.0,915.0,2258.0,1105.0,0.4963
81,149,1965.0,887.0,2037.0,1033.0,0.4108
81,130,2057.0,909.0,2124.0,1058.0,0.3617
82,2,1657.0,783.0,2036.0,1428.0,0.8658
82,1,1063.0,444.0,1696.0,1425.0,0.9062
82,128,0.0,624.0,331.0,1428.0,0.7778
82,4,684.0,701.0,1066.0,1432.0,0.6877
82,145,357.0,864.0,482.0,1259.0,0.8464
82,156,567.0,823.0,642.0,922.0,0.3541
82,160,455.0,829.0,514.0,927.0,0.3635
82,134,2175.0,915.0,2256.0,1106.0,0.5163
82,149,1964.0,891.0,2034.0,1032.0,0.3842
82,130,2058.0,910.0,2124.0,1059.0,0.505
83,2,1661.0,782.0,2035.0,1428.0,0.848
83,1,1084.0,462.0,1709.0,1424.0,0.898
83,128,0.0,622.0,323.0,1431.0,0.8012
83,4,686.0,741.0,1060.0,1435.0,0.6736
83,145,345.0,866.0,472.0,1260.0,0.787
83,160,456.0,829.0,519.0,933.0,0.3593
83,134,2175.0,919.0,2254.0,1107.0,0.4375
83,149,1961.0,893.0,2035.0,1045.0,0.3918
83,130,2058.0,910.0,2123.0,1061.0,0.5168
84,2,1664.0,781.0,2034.0,1430.0,0.8776
84,1,1102.0,462.0,1728.0,1425.0,0.9175
84,128,0.0,620.0,313.0,1431.0,0.8066
84,4,739.0,715.0,1119.0,1433.0,0.6787
84,145,331.0,868.0,462.0,1259.0,0.8331
84,160,458.0,829.0,523.0,938.0,0.3525
84,134,2174.0,921.0,2253.0,1110.0,0.544
84,149,1964.0,896.0,2041.0,1056.0,0.4759
84,130,2057.0,911.0,2120.0,1060.0,0.5339
84,166,450.0,825.0,531.0,1075.0,0.3597
84,170,2039.0,907.0,2089.0,1059.0,0.3658
85,2,1670.0,780.0,2034.0,1431.0,0.8598
85,1,1120.0,470.0,1741.0,1426.0,0.9041
85,128,0.0,621.0,301.0,1430.0,0.7965
85,4,752.0,731.0,1125.0,1436.0,0.5589
85,145,318.0,868.0,453.0,1262.0,0.8466
85,160,458.0,828.0,521.0,931.0,0.2938
85,134,2174.0,921.0,2254.0,1113.0,0.6469
85,149,1968.0,897.0,2043.0,1056.0,0.4542
85,130,2054.0,911.0,2117.0,1061.0,0.5947
85,166,449.0,824.0,532.0,1083.0,0.4188
85,173,617.0,725.0,872.0,1434.0,0.687
85,174,2118.0,946.0,2175.0,1063.0,0.3503
86,2,1675.0,782.0,2033.0,1433.0,0.8288
86,1,1133.0,477.0,1750.0,1427.0,0.9204
86,128,0.0,622.0,283.0,1432.0,0.766
86,4,776.0,720.0,1152.0,1437.0,0.6695
86,145,310.0,872.0,449.0,1265.0,0.8485
86,134,2173.0,919.0,2254.0,1115.0,0.6252
86,149,1970.0,898.0,2046.0,1059.0,0.5724
86,130,2051.0,911.0,2114.0,1062.0,0.6526
86,166,446.0,825.0,536.0,1104.0,0.4236
86,173,613.0,722.0,869.0,1435.0,0.6843
86,174,2117.0,943.0,2176.0,1063.0,0.352
86,175,2173.0,400.0,2560.0,1429.0,0.7524
87,2,1681.0,779.0,2034.0,1432.0,0.8304
87,1,1150.0,497.0,1754.0,1428.0,0.9041
87,128,0.0,623.0,273.0,1432.0,0.7825
87,4,818.0,765.0,1171.0,1438.0,0.7408
87,145,304.0,872.0,447.0,1266.0,0.8413
87,134,2174.0,925.0,2248.0,1100.0,0.5112
87,149,1980.0,900.0,2055.0,1060.0,0.39
87,130,2050.0,912.0,2112.0,1060.0,0.6676
87,166,445.0,824.0,537.0,1110.0,0.5038
87,173,595.0,720.0,854.0,1437.0,0.8275
87,174,2118.0,941.0,2176.0,1062.0,0.337
87,175,2182.0,396.0,2560.0,1429.0,0.7128
87,156,598.0,823.0,677.0,926.0,0.4271
88,2,1680.0,780.0,2027.0,1434.0,0.8294
88,1,1165.0,503.0,1763.0,1425.0,0.9083
88,128,0.0,623.0,266.0,1431.0,0.8309
88,4,840.0,728.0,1209.0,1436.0,0.7043
88,145,296.0,872.0,443.0,1267.0,0.8391
88,134,2181.0,931.0,2244.0,1080.0,0.3882
88,149,1979.0,896.0,2055.0,1061.0,0.6003
88,130,2049.0,911.0,2112.0,1060.0,0.5986
88,166,445.0,824.0,542.0,1123.0,0.5669
88,173,596.0,718.0,856.0,1439.0,0.7869
88,174,2121.0,941.0,2178.0,1061.0,0.3194
88,175,2158.0,398.0,2547.0,1428.0,0.8149
88,156,602.0,823.0,682.0,925.0,0.2654
89,2,1674.0,780.0,2014.0,1432.0,0.831
89,1,1180.0,511.0,1771.0,1424.0,0.8977
89,128,0.0,625.0,255.0,1431.0,0.7858
89,4,861.0,726.0,1227.0,1433.0,0.7739
89,145,285.0,873.0,437.0,1266.0,0.8374
89,149,1977.0,894.0,2057.0,1067.0,0.6328
89,130,2047.0,909.0,2111.0,1063.0,0.5707
89,166,452.0,824.0,541.0,1098.0,0.6048
89,173,590.0,719.0,852.0,1440.0,0.7915
89,175,2165.0,419.0,2547.0,1429.0,0.8457
90,2,1680.0,780.0,2012.0,1430.0,0.8318
90,1,1193.0,522.0,1776.0,1423.0,0.8993
90,128,0.0,632.0,246.0,1434.0,0.8062
90,4,884.0,729.0,1244.0,1432.0,0.7588
90,145,275.0,871.0,430.0,1266.0,0.8276
90,149,1981.0,891.0,2061.0,1065.0,0.5783
90,130,2047.0,912.0,2110.0,1062.0,0.5048
90,166,458.0,824.0,542.0,1082.0,0.6012
90,173,578.0,715.0,843.0,1440.0,0.7911
90,175,2090.0,431.0,2477.0,1427.0,0.7644
90,184,1874.0,794.0,1996.0,1108.0,0.4083
90,104,1034.0,423.0,1130.0,658.0,0.5377
91,2,1687.0,783.0,2011.0,1429.0,0.8193
91,1,1208.0,532.0,1783.0,1424.0,0.9057
91,128,0.0,652.0,226.0,1437.0,0.7604
91,4,907.0,726.0,1266.0,1432.0,0.7995
91,145,266.0,864.0,428.0,1267.0,0.8449
91,149,1988.0,891.0,2065.0,1060.0,0.4605
91,130,2046.0,910.0,2107.0,1056.0,0.3938
91,166,462.0,826.0,542.0,1066.0,0.6094
91,173,562.0,709.0,831.0,1438.0,0.7624
91,175,2081.0,448.0,2470.0,1425.0,0.7021
91,104,1034.0,423.0,1129.0,657.0,0.5097
92,2,1689.0,785.0,2007.0,1429.0,0.8488
92,1,1218.0,539.0,1787.0,1426.0,0.9029
92,128,0.0,720.0,201.0,1436.0,0.6803
92,4,918.0,709.0,1280.0,1432.0,0.8131
92,145,261.0,867.0,425.0,1269.0,0.876
92,149,1992.0,889.0,2067.0,1059.0,0.2537
92,166,460.0,826.0,540.0,1064.0,0.5977
92,173,538.0,707.0,813.0,1438.0,0.7377
92,175,2054.0,464.0,2449.0,1425.0,0.8133
92,104,1036.0,424.0,1128.0,652.0,0.533
92,184,1834.0,792.0,2048.0,1349.0,0.4639
93,2,1688.0,790.0,1998.0,1436.0,0.8413
93,1,1229.0,544.0,1793.0,1427.0,0.9209
93,128,0.0,755.0,183.0,1436.0,0.6634
93,4,933.0,687.0,1301.0,1433.0,0.5722
93,145,255.0,866.0,421.0,1265.0,0.8501
93,166,457.0,825.0,540.0,1068.0,0.6332
93,173,515.0,707.0,793.0,1437.0,0.6931
93,175,2039.0,476.0,2446.0,1427.0,0.8772
93,104,1038.0,425.0,1126.0,641.0,0.3058
93,190,52.0,779.0,220.0,1390.0,0.7494
94,2,1690.0,796.0,1989.0,1430.0,0.8296
94,1,1238.0,547.0,1795.0,1427.0,0.9184
94,128,0.0,783.0,158.0,1425.0,0.6338
94,4,951.0,699.0,1309.0,1432.0,0.7655
94,145,251.0,862.0,419.0,1265.0,0.7818
94,166,452.0,823.0,540.0,1073.0,0.5115
94,173,494.0,708.0,775.0,1437.0,0.6879
94,175,2031.0,482.0,2449.0,1424.0,0.8771
94,190,55.0,780.0,221.0,1381.0,0.7573
94,191,1869.0,787.0,2020.0,1106.0,0.555
95,2,1696.0,801.0,1984.0,1423.0,0.8496
95,1,1250.0,553.0,1799.0,1428.0,0.9122
95,4,971.0,700.0,1328.0,1433.0,0.7061
95,145,242.0,860.0,412.0,1264.0,0.7775
95,166,461.0,822.0,548.0,1066.0,0.2833
95,173,469.0,707.0,754.0,1437.0,0.6557
95,175,2018.0,491.0,2450.0,1428.0,0.8887
95,190,40.0,783.0,207.0,1384.0,0.7923
95,191,1868.0,785.0,2014.0,1092.0,0.5804
95,142,0.0,790.0,85.0,1403.0,0.5595
96,2,1702.0,803.0,1987.0,1426.0,0.7914
96,1,1257.0,552.0,1803.0,1430.0,0.9219
96,4,988.0,702.0,1342.0,1434.0,0.8099
96,145,236.0,862.0,403.0,1262.0,0.7921
96,173,444.0,707.0,730.0,1436.0,0.6909
96,175,2000.0,499.0,2447.0,1430.0,0.7919
96,190,50.0,787.0,225.0,1400.0,0.8655
96,191,1834.0,782.0,2064.0,1271.0,0.5215
96,142,0.0,795.0,76.0,1396.0,0.5287
97,2,1703.0,803.0,1984.0,1429.0,0.8316
97,1,1267.0,552.0,1809.0,1432.0,0.9169
97,4,990.0,703.0,1343.0,1437.0,0.818
97,145,236.0,859.0,403.0,1268.0,0.7701
97,173,408.0,707.0,698.0,1435.0,0.7545
97,175,1991.0,508.0,2451.0,1430.0,0.8237
97,190,63.0,790.0,245.0,1405.0,0.8964
97,191,1826.0,779.0,2077.0,1319.0,0.5339
97,142,0.0,747.0,67.0,1369.0,0.4301
97,104,1035.0,424.0,1124.0,645.0,0.3765
98,2,1702.0,804.0,1977.0,1427.0,0.8345
98,1,1275.0,555.0,1809.0,1432.0,0.9131
98,4,977.0,706.0,1331.0,1438.0,0.8166
98,145,236.0,861.0,398.0,1263.0,0.753
98,173,384.0,708.0,676.0,1433.0,0.8244
98,175,1984.0,517.0,2454.0,1419.0,0.7519
98,190,54.0,796.0,241.0,1406.0,0.8889
98,191,1826.0,774.0,2079.0,1325.0,0.5497
98,142,0.0,725.0,66.0,1364.0,0.4497
98,199,624.0,752.0,805.0,1435.0,0.4613
98,104,1033.0,424.0,1124.0,649.0,0.5439
99,2,1691.0,807.0,1962.0,1433.0,0.7893
99,1,1281.0,555.0,1810.0,1432.0,0.915
99,4,999.0,711.0,1346.0,1432.0,0.6651
99,145,232.0,857.0,391.0,1260.0,0.7758
99,173,366.0,705.0,661.0,1433.0,0.7934
99,175,1973.0,530.0,2455.0,1420.0,0.8451
99,190,43.0,792.0,235.0,1403.0,0.8776
99,142,0.0,715.0,68.0,1376.0,0.5329
99,199,611.0,762.0,791.0,1438.0,0.444
99,104,1033.0,424.0,1123.0,649.0,0.4626
99,200,1868.0,775.0,2025.0,1017.0,0.6156
100,2,1692.0,804.0,1960.0,1437.0,0.7901
100,1,1289.0,549.0,1814.0,1430.0,0.9154
100,4,1023.0,720.0,1363.0,1437.0,0.8064
100,145,231.0,858.0,381.0,1240.0,0.5266
100,173,343.0,704.0,642.0,1434.0,0.7785
100,175,1962.0,543.0,2457.0,1423.0,0.8861
100,190,37.0,779.0,237.0,1403.0,0.813
100,142,0.0,709.0,70.0,1396.0,0.5805
100,199,602.0,751.0,785.0,1433.0,0.5571
100,104,1032.0,424.0,1122.0,650.0,0.5251
100,200,1873.0,775.0,2018.0,998.0,0.789
100,201,940.0,714.0,1154.0,1426.0,0.5242
101,2,1689.0,801.0,1953.0,1439.0,0.8066
101,1,1301.0,550.0,1819.0,1429.0,0.8998
101,4,1039.0,725.0,1375.0,1438.0,0.8108
101,173,312.0,705.0,615.0,1432.0,0.8077
101,175,1952.0,562.0,2458.0,1428.0,0.9122
101,190,48.0,786.0,252.0,1399.0,0.8101
101,142,0.0,704.0,75.0,1421.0,0.5983
101,199,572.0,752.0,755.0,1433.0,0.6315
101,104,1032.0,424.0,1121.0,650.0,0.4375
101,200,1879.0,775.0,2023.0,1000.0,0.7618
101,201,928.0,711.0,1145.0,1428.0,0.7669
102,2,1694.0,797.0,1947.0,1423.0,0.6555
102,1,1311.0,550.0,1825.0,1431.0,0.9098
102,4,1039.0,724.0,1375.0,1439.0,0.7784
102,173,291.0,702.0,600.0,1433.0,0.8368
102,175,1941.0,581.0,2456.0,1431.0,0.8551
102,190,67.0,788.0,268.0,1378.0,0.6735
102,142,16.0,701.0,105.0,1429.0,0.6405
102,199,552.0,752.0,736.0,1431.0,0.7173
102,200,1886.0,776.0,2027.0,996.0,0.7604
102,201,928.0,709.0,1148.0,1432.0,0.7105
102,203,736.0,828.0,902.0,1138.0,0.6005
103,2,1693.0,796.0,1941.0,1425.0,0.5397
103,1,1318.0,554.0,1826.0,1433.0,0.9144
103,4,1055.0,716.0,1388.0,1436.0,0.7962
103,173,269.0,699.0,583.0,1432.0,0.8631
103,175,2011.0,595.0,2515.0,1430.0,0.5085
103,190,88.0,790.0,284.0,1347.0,0.7108
103,142,9.0,697.0,102.0,1435.0,0.7143
103,199,538.0,752.0,723.0,1434.0,0.7973
103,200,1891.0,778.0,2030.0,994.0,0.6534
103,201,933.0,733.0,1149.0,1438.0,0.8328
103,203,733.0,828.0,899.0,1139.0,0.6168
103,104,1031.0,423.0,1120.0,650.0,0.369
104,2,1694.0,795.0,1936.0,1426.0,0.5015
104,1,1334.0,560.0,1832.0,1431.0,0.9156
104,4,1070.0,723.0,1394.0,1435.0,0.839
104,173,247.0,696.0,567.0,1431.0,0.8542
104,175,1991.0,605.0,2500.0,1433.0,0.6394
104,190,126.0,785.0,297.0,1259.0,0.642
104,142,24.0,698.0,124.0,1436.0,0.7841
104,199,524.0,752.0,711.0,1435.0,0.7972
104,200,1911.0,777.0,2030.0,959.0,0.3652
104,201,935.0,749.0,1149.0,1440.0,0.8463
104,203,733.0,827.0,899.0,1137.0,0.6584
104,104,1030.0,423.0,1120.0,649.0,0.4843
105,1,1345.0,565.0,1834.0,1430.0,0.9174
105,4,1086.0,736.0,1401.0,1435.0,0.8808
105,173,211.0,693.0,541.0,1432.0,0.842
105,175,1929.0,617.0,2452.0,1432.0,0.784
105,190,134.0,782.0,310.0,1268.0,0.3068
105,142,17.0,699.0,118.0,1418.0,0.8069
105,199,513.0,754.0,701.0,1436.0,0.8019
105,201,932.0,745.0,1151.0,1440.0,0.6865
105,203,732.0,826.0,897.0,1136.0,0.4881
105,104,1029.0,423.0,1120.0,653.0,0.6909
106,1,1358.0,573.0,1839.0,1430.0,0.9093
106,4,1104.0,780.0,1398.0,1435.0,0.8237
106,173,199.0,689.0,536.0,1433.0,0.8303
106,175,1890.0,622.0,2429.0,1430.0,0.7198
106,142,16.0,700.0,115.0,1373.0,0.759
106,199,498.0,755.0,688.0,1438.0,0.769
106,201,920.0,755.0,1137.0,1438.0,0.6939
106,203,730.0,824.0,896.0,1137.0,0.5208
106,104,1027.0,423.0,1119.0,656.0,0.7156
107,1,1368.0,580.0,1842.0,1430.0,0.9019
107,4,1100.0,757.0,1402.0,1435.0,0.8461
107,173,186.0,693.0,526.0,1433.0,0.8122
107,175,1865.0,625.0,2416.0,1432.0,0.8975
107,142,22.0,705.0,124.0,1360.0,0.7128
107,199,483.0,753.0,674.0,1436.0,0.7943
107,201,900.0,775.0,1113.0,1437.0,0.6556
107,203,732.0,820.0,899.0,1134.0,0.551
107,104,1027.0,424.0,1118.0,655.0,0.6998
107,206,1024.0,705.0,1184.0,1405.0,0.4102
107,208,156.0,740.0,328.0,1046.0,0.3592
108,1,1379.0,587.0,1844.0,1430.0,0.8976
108,4,1104.0,747.0,1411.0,1435.0,0.7823
108,173,163.0,692.0,508.0,1430.0,0.7823
108,175,1841.0,627.0,2403.0,1433.0,0.91
108,142,26.0,706.0,133.0,1350.0,0.7241
108,199,469.0,752.0,662.0,1432.0,0.7866
108,201,884.0,763.0,1103.0,1436.0,0.6849
108,203,727.0,818.0,896.0,1136.0,0.5868
108,104,1026.0,424.0,1117.0,656.0,0.5544
108,206,1013.0,701.0,1177.0,1421.0,0.507
109,1,1388.0,593.0,1845.0,1432.0,0.9052
109,4,1111.0,743.0,1416.0,1432.0,0.7737
109,173,145.0,690.0,496.0,1431.0,0.8344
109,175,1812.0,628.0,2384.0,1434.0,0.8907
109,142,23.0,709.0,131.0,1331.0,0.7191
109,199,453.0,753.0,648.0,1434.0,0.8105
109,201,873.0,758.0,1094.0,1439.0,0.7492
109,203,709.0,813.0,910.0,1200.0,0.4424
109,104,1024.0,423.0,1117.0,660.0,0.6363
109,206,1011.0,702.0,1175.0,1418.0,0.6209
109,212,658.0,812.0,762.0,1133.0,0.3769
109,146,2371.0,1023.0,2459.0,1266.0,0.5406
110,1,1397.0,597.0,1847.0,1433.0,0.9111
110,4,1131.0,741.0,1434.0,1429.0,0.8153
110,173,130.0,690.0,484.0,1431.0,0.8727
110,175,1790.0,631.0,2367.0,1431.0,0.8966
110,142,24.0,711.0,132.0,1302.0,0.6743
110,199,446.0,756.0,643.0,1437.0,0.8018
110,201,858.0,754.0,1081.0,1440.0,0.6933
110,104,1024.0,424.0,1115.0,655.0,0.6265
110,206,1007.0,703.0,1170.0,1412.0,0.8132
110,146,2358.0,1023.0,2444.0,1264.0,0.4132
111,1,1406.0,598.0,1852.0,1433.0,0.8988
111,4,1145.0,740.0,1444.0,1429.0,0.8184
111,173,114.0,689.0,472.0,1430.0,0.8896
111,175,1777.0,633.0,2360.0,1432.0,0.8968
111,142,21.0,711.0,144.0,1366.0,0.6867
111,199,429.0,757.0,627.0,1434.0,0.805
111,201,848.0,753.0,1070.0,1439.0,0.689
111,104,1024.0,423.0,1114.0,651.0,0.3405
111,206,999.0,704.0,1161.0,1408.0,0.7791
111,146,2355.0,1020.0,2441.0,1263.0,0.5862
112,1,1416.0,600.0,1855.0,1433.0,0.9027
112,4,1156.0,740.0,1453.0,1430.0,0.8163
112,173,97.0,689.0,457.0,1430.0,0.8874
112,175,1766.0,634.0,2354.0,1432.0,0.8841
112,142,19.0,709.0,152.0,1397.0,0.6864
112,199,409.0,759.0,610.0,1432.0,0.7937
112,201,809.0,746.0,1039.0,1436.0,0.7216
112,206,989.0,704.0,1150.0,1402.0,0.736
112,146,2353.0,1021.0,2440.0,1264.0,0.5113
112,212,669.0,807.0,774.0,1130.0,0.3452
113,1,1425.0,600.0,1857.0,1430.0,0.9006
113,4,1162.0,742.0,1455.0,1430.0,0.7962
113,173,75.0,692.0,439.0,1431.0,0.8713
113,175,1758.0,634.0,2349.0,1431.0,0.892
113,142,16.0,709.0,155.0,1407.0,0.6766
113,199,389.0,759.0,594.0,1434.0,0.8251
113,201,790.0,745.0,1026.0,1437.0,0.7466
113,206,980.0,703.0,1143.0,1400.0,0.7368
113,146,2351.0,1018.0,2438.0,1264.0,0.6994
113,212,672.0,804.0,779.0,1131.0,0.4531
113,104,1024.0,422.0,1112.0,644.0,0.3421
114,1,1431.0,600.0,1857.0,1429.0,0.9038
114,4,1167.0,750.0,1455.0,1430.0,0.7882
114,173,59.0,696.0,423.0,1431.0,0.843
114,175,1743.0,638.0,2336.0,1432.0,0.8917
114,142,22.0,709.0,155.0,1346.0,0.5658
114,199,374.0,760.0,582.0,1436.0,0.7869
114,201,762.0,742.0,1007.0,1436.0,0.8333
114,206,974.0,702.0,1138.0,1402.0,0.728
114,146,2347.0,1019.0,2437.0,1266.0,0.7282
114,212,693.0,801.0,771.0,1029.0,0.5107
114,104,1022.0,421.0,1111.0,644.0,0.5035
115,1,1432.0,598.0,1855.0,1429.0,0.8969
115,4,1176.0,746.0,1465.0,1434.0,0.8138
115,173,38.0,697.0,406.0,1434.0,0.8638
115,175,1738.0,645.0,2329.0,1431.0,0.8802
115,142,26.0,709.0,155.0,1293.0,0.584
115,199,360.0,763.0,568.0,1436.0,0.7891
115,201,749.0,745.0,1001.0,1435.0,0.8224
115,206,970.0,703.0,1136.0,1409.0,0.7854
115,146,2344.0,1019.0,2435.0,1266.0,0.6434
115,212,701.0,800.0,772.0,998.0,0.5096
115,104,1021.0,421.0,1111.0,647.0,0.4626
115,219,566.0,821.0,626.0,920.0,0.4526
115,220,2291.0,918.0,2336.0,1012.0,0.3727
116,1,1437.0,598.0,1857.0,1430.0,0.878
116,4,1185.0,749.0,1472.0,1438.0,0.8408
116,173,18.0,697.0,389.0,1432.0,0.8789
116,175,1727.0,649.0,2317.0,1432.0,0.8386
116,142,25.0,710.0,164.0,1320.0,0.6032
116,199,352.0,761.0,561.0,1435.0,0.7889
116,201,740.0,742.0,997.0,1436.0,0.7905
116,206,957.0,703.0,1125.0,1408.0,0.7187
116,146,2341.0,1019.0,2433.0,1265.0,0.6411
116,219,565.0,819.0,625.0,920.0,0.4955
116,220,2291.0,921.0,2334.0,1012.0,0.3459
116,222,1117.0,842.0,1211.0,1150.0,0.4354
117,1,1448.0,597.0,1864.0,1430.0,0.8948
117,4,1194.0,751.0,1477.0,1438.0,0.8437
117,173,8.0,700.0,379.0,1431.0,0.8291
117,175,1730.0,656.0,2315.0,1432.0,0.849
117,142,18.0,707.0,172.0,1369.0,0.5039
117,199,334.0,757.0,545.0,1435.0,0.777
117,201,736.0,746.0,995.0,1436.0,0.7043
117,206,946.0,704.0,1116.0,1414.0,0.7843
117,146,2339.0,1022.0,2431.0,1266.0,0.5908
117,219,562.0,820.0,623.0,920.0,0.4522
117,224,689.0,800.0,802.0,1109.0,0.4232
118,1,1458.0,597.0,1871.0,1430.0,0.895
118,4,1206.0,755.0,1487.0,1438.0,0.8058
118,173,0.0,695.0,371.0,1431.0,0.879
118,175,1726.0,667.0,2304.0,1432.0,0.8107
118,142,9.0,700.0,172.0,1398.0,0.2901
118,199,318.0,754.0,532.0,1435.0,0.7926
118,201,728.0,736.0,992.0,1438.0,0.7812
118,206,937.0,700.0,1110.0,1416.0,0.7285
118,146,2334.0,1021.0,2427.0,1265.0,0.6567
118,219,563.0,820.0,626.0,921.0,0.5244
118,224,696.0,803.0,811.0,1118.0,0.3648
118,222,1112.0,845.0,1205.0,1149.0,0.3707
119,1,1466.0,598.0,1876.0,1431.0,0.891
119,4,1218.0,765.0,1496.0,1439.0,0.807
119,173,0.0,691.0,364.0,1431.0,0.9143
119,175,1729.0,678.0,2298.0,1433.0,0.8167
119,199,303.0,752.0,517.0,1433.0,0.7984
119,201,722.0,741.0,986.0,1439.0,0.8209
119,206,930.0,701.0,1103.0,1410.0,0.7532
119,146,2328.0,1021.0,2422.0,1263.0,0.642
119,219,564.0,821.0,628.0,922.0,0.4511
119,224,695.0,801.0,814.0,1128.0,0.5421
119,230,1404.0,787.0,1532.0,1289.0,0.4456
119,232,2066.0,757.0,2330.0,1422.0,0.4767
119,222,1107.0,845.0,1200.0,1148.0,0.6137
120,1,1475.0,600.0,1881.0,1433.0,0.8894
120,4,1218.0,769.0,1497.0,1437.0,0.8303
120,173,0.0,692.0,354.0,1431.0,0.9251
120,175,1722.0,687.0,2280.0,1432.0,0.8235
120,199,283.0,751.0,499.0,1432.0,0.808
120,201,707.0,747.0,972.0,1440.0,0.8153
120,206,914.0,698.0,1094.0,1416.0,0.7473
120,146,2325.0,1023.0,2419.0,1262.0,0.6809
120,219,565.0,821.0,631.0,923.0,0.497
120,230,1407.0,788.0,1536.0,1288.0,0.3159
120,232,2047.0,756.0,2311.0,1422.0,0.5471
120,222,1104.0,844.0,1199.0,1150.0,0.5053
121,1,1481.0,603.0,1882.0,1434.0,0.8826
121,4,1214.0,773.0,1493.0,1436.0,0.846
121,173,0.0,690.0,346.0,1432.0,0.9233
121,175,1718.0,693.0,2264.0,1432.0,0.83
121,199,263.0,749.0,483.0,1431.0,0.8182
121,201,694.0,747.0,961.0,1440.0,0.8323
121,206,908.0,696.0,1090.0,1411.0,0.7918
121,146,2322.0,1024.0,2417.0,1261.0,0.624
121,219,565.0,821.0,634.0,925.0,0.3179
121,232,2040.0,753.0,2306.0,1426.0,0.6941
121,222,1105.0,844.0,1199.0,1149.0,0.5291
122,1,1490.0,605.0,1886.0,1432.0,0.8694
122,4,1231.0,773.0,1507.0,1435.0,0.8155
122,173,0.0,688.0,335.0,1433.0,0.9217
122,175,1714.0,694.0,2254.0,1432.0,0.8014
122,199,246.0,747.0,470.0,1426.0,0.8122
122,201,683.0,750.0,952.0,1440.0,0.8467
122,206,904.0,696.0,1087.0,1406.0,0.8028
122,146,2320.0,1024.0,2415.0,1261.0,0.6341
122,232,2041.0,757.0,2305.0,1427.0,0.7135
122,222,1112.0,844.0,1205.0,1146.0,0.5692
123,1,1495.0,608.0,1885.0,1430.0,0.8752
123,4,1234.0,774.0,1510.0,1435.0,0.8311
123,173,0.0,689.0,325.0,1434.0,0.8966
123,175,1713.0,694.0,2246.0,1432.0,0.837
123,199,234.0,748.0,462.0,1421.0,0.6751
123,201,674.0,750.0,944.0,1440.0,0.8528
123,206,899.0,694.0,1086.0,1403.0,0.7987
123,146,2317.0,1026.0,2412.0,1262.0,0.6303
123,232,2045.0,757.0,2304.0,1421.0,0.6723
123,222,1117.0,843.0,1211.0,1145.0,0.6589
123,219,573.0,820.0,642.0,921.0,0.2716
124,1,1501.0,617.0,1883.0,1428.0,0.8706
124,4,1244.0,773.0,1520.0,1436.0,0.8255
124,173,0.0,688.0,314.0,1433.0,0.894
124,175,1717.0,696.0,2243.0,1432.0,0.8518
124,199,199.0,758.0,435.0,1433.0,0.6383
124,201,665.0,750.0,939.0,1440.0,0.8536
124,206,890.0,692.0,1082.0,1404.0,0.7464
124,146,2314.0,1025.0,2409.0,1261.0,0.6653
124,232,2051.0,755.0,2306.0,1408.0,0.6427
124,222,1118.0,840.0,1213.0,1145.0,0.64
124,104,1004.0,415.0,1100.0,655.0,0.4549
125,1,1504.0,620.0,1881.0,1431.0,0.877
125,4,1256.0,773.0,1530.0,1438.0,0.809
125,173,0.0,691.0,299.0,1432.0,0.8425
125,175,1715.0,700.0,2233.0,1431.0,0.8519
125,199,171.0,738.0,420.0,1437.0,0.7934
125,201,658.0,747.0,935.0,1440.0,0.8289
125,206,876.0,690.0,1071.0,1405.0,0.8134
125,146,2312.0,1024.0,2407.0,1261.0,0.6828
125,232,2054.0,749.0,2314.0,1415.0,0.6308
125,222,1124.0,837.0,1219.0,1141.0,0.6912
125,243,550.0,816.0,673.0,978.0,0.4582
125,104,1002.0,415.0,1098.0,656.0,0.576
125,190,339.0,777.0,548.0,1385.0,0.7236
126,1,1514.0,627.0,1883.0,1429.0,0.8454
126,4,1267.0,773.0,1537.0,1436.0,0.8263
126,173,0.0,696.0,284.0,1433.0,0.8181
126,175,1715.0,702.0,2224.0,1430.0,0.8343
126,199,153.0,731.0,406.0,1435.0,0.8368
126,201,652.0,743.0,931.0,1440.0,0.8265
126,206,866.0,688.0,1064.0,1406.0,0.8248
126,146,2309.0,1022.0,2404.0,1259.0,0.6405
126,232,2049.0,747.0,2306.0,1409.0,0.5956
126,222,1127.0,838.0,1225.0,1151.0,0.7372
126,243,552.0,817.0,675.0,979.0,0.5172
126,104,1001.0,415.0,1096.0,655.0,0.3364
126,190,346.0,771.0,553.0,1390.0,0.827
127,1,1519.0,636.0,1882.0,1433.0,0.8405
127,4,1278.0,772.0,1546.0,1438.0,0.7861
127,175,1712.0,703.0,2213.0,1430.0,0.832
127,199,143.0,715.0,401.0,1434.0,0.82
127,201,645.0,736.0,929.0,1440.0,0.8301
127,206,854.0,688.0,1054.0,1409.0,0.8006
127,146,2306.0,1019.0,2401.0,1258.0,0.6936
127,232,2055.0,739.0,2322.0,1425.0,0.7687
127,222,1129.0,837.0,1228.0,1151.0,0.7697
127,243,557.0,815.0,677.0,974.0,0.4602
127,104,1003.0,416.0,1094.0,645.0,0.3701
127,190,351.0,767.0,555.0,1389.0,0.8014
127,142,21.0,695.0,201.0,1432.0,0.8486
128,1,1523.0,643.0,1879.0,1434.0,0.847
128,4,1287.0,769.0,1556.0,1439.0,0.7827
128,175,1703.0,703.0,2197.0,1430.0,0.8481
128,199,135.0,708.0,394.0,1435.0,0.8337
128,201,626.0,736.0,910.0,1440.0,0.8287
128,206,839.0,687.0,1041.0,1417.0,0.7863
128,146,2303.0,1020.0,2398.0,1258.0,0.7076
128,232,2047.0,736.0,2308.0,1406.0,0.6009
128,222,1134.0,835.0,1235.0,1149.0,0.7132
128,243,554.0,813.0,675.0,976.0,0.5126
128,104,1002.0,418.0,1091.0,641.0,0.381
128,190,353.0,769.0,556.0,1388.0,0.8407
128,142,13.0,696.0,197.0,1433.0,0.8537
129,1,1528.0,654.0,1874.0,1430.0,0.812
129,4,1293.0,776.0,1556.0,1436.0,0.6859
129,175,1690.0,703.0,2179.0,1430.0,0.8498
129,199,112.0,708.0,373.0,1436.0,0.8636
129,201,608.0,735.0,892.0,1440.0,0.844
129,206,822.0,687.0,1024.0,1418.0,0.7755
129,146,2302.0,1020.0,2396.0,1257.0,0.621
129,232,2043.0,731.0,2307.0,1412.0,0.7728
129,222,1141.0,837.0,1244.0,1150.0,0.7349
129,243,552.0,813.0,671.0,974.0,0.3534
129,190,353.0,769.0,557.0,1385.0,0.8773
129,142,4.0,688.0,189.0,1434.0,0.8249
130,1,1531.0,659.0,1871.0,1429.0,0.8034
130,4,1301.0,775.0,1562.0,1438.0,0.7012
130,175,1688.0,704.0,2169.0,1430.0,0.8317
130,199,95.0,708.0,358.0,1436.0,0.8539
130,201,590.0,734.0,873.0,1440.0,0.8315
130,206,810.0,687.0,1015.0,1432.0,0.7817
130,146,2301.0,1020.0,2394.0,1256.0,0.4058
130,232,2038.0,725.0,2308.0,1420.0,0.7593
130,222,1147.0,838.0,1252.0,1155.0,0.6973
130,190,360.0,772.0,567.0,1380.0,0.8954
130,142,0.0,682.0,180.0,1435.0,0.8243
130,245,1476.0,802.0,1611.0,1341.0,0.3875
131,1,1532.0,663.0,1867.0,1429.0,0.8233
131,4,1303.0,773.0,1563.0,1439.0,0.7325
131,175,1687.0,707.0,2160.0,1431.0,0.8581
131,199,69.0,709.0,335.0,1437.0,0.7403
131,201,575.0,735.0,857.0,1439.0,0.8135
131,206,798.0,683.0,1006.0,1438.0,0.766
131,146,2299.0,1018.0,2390.0,1251.0,0.5236
131,232,2031.0,720.0,2306.0,1432.0,0.8153
131,222,1149.0,839.0,1257.0,1158.0,0.707
131,190,370.0,771.0,582.0,1376.0,0.8988
131,142,0.0,689.0,163.0,1433.0,0.7878
132,1,1537.0,665.0,1870.0,1430.0,0.8169
132,4,1312.0,773.0,1571.0,1439.0,0.6606
132,175,1687.0,710.0,2153.0,1432.0,0.8405
132,199,60.0,719.0,332.0,1434.0,0.638
132,201,558.0,735.0,838.0,1438.0,0.7856
132,206,784.0,681.0,993.0,1440.0,0.7787
132,146,2294.0,1019.0,2385.0,1251.0,0.5322
132,232,2021.0,715.0,2300.0,1432.0,0.7628
132,222,1152.0,839.0,1261.0,1157.0,0.7329
132,190,379.0,773.0,600.0,1377.0,0.892
132,142,0.0,695.0,145.0,1428.0,0.7337
132,104,998.0,418.0,1085.0,637.0,0.3896
133,1,1544.0,667.0,1873.0,1432.0,0.8325
133,4,1316.0,775.0,1572.0,1436.0,0.6551
133,175,1691.0,713.0,2147.0,1433.0,0.8125
133,199,35.0,722.0,307.0,1431.0,0.7221
133,201,551.0,736.0,828.0,1438.0,0.7203
133,206,774.0,681.0,984.0,1438.0,0.7758
133,146,2292.0,1017.0,2384.0,1251.0,0.6326
133,232,2015.0,712.0,2296.0,1433.0,0.7722
133,222,1152.0,842.0,1263.0,1160.0,0.766
133,190,381.0,776.0,611.0,1382.0,0.8735
133,142,0.0,729.0,126.0,1435.0,0.5477
133,249,1270.0,794.0,1376.0,1313.0,0.4373
134,1,1546.0,668.0,1871.0,1430.0,0.829
134,4,1322.0,777.0,1574.0,1437.0,0.7194
134,175,1700.0,717.0,2146.0,1434.0,0.8145
134,199,11.0,730.0,281.0,1435.0,0.6191
134,201,548.0,739.0,822.0,1439.0,0.7426
134,206,765.0,679.0,974.0,1433.0,0.6455
134,146,2292.0,1019.0,2382.0,1251.0,0.5406
134,232,2013.0,714.0,2296.0,1436.0,0.8218
134,222,1152.0,841.0,1263.0,1160.0,0.7402
134,190,378.0,777.0,615.0,1393.0,0.8336
134,142,0.0,748.0,108.0,1434.0,0.505
134,249,1261.0,774.0,1373.0,1318.0,0.4651
134,208,103.0,717.0,441.0,1408.0,0.6239
135,1,1550.0,667.0,1872.0,1429.0,0.8214
135,4,1333.0,780.0,1582.0,1437.0,0.7007
135,175,1701.0,722.0,2137.0,1434.0,0.7613
135,199,0.0,735.0,262.0,1434.0,0.7729
135,201,527.0,733.0,805.0,1434.0,0.5694
135,206,753.0,680.0,964.0,1437.0,0.7696
135,146,2291.0,1019.0,2382.0,1253.0,0.4893
135,232,2012.0,713.0,2298.0,1435.0,0.8543
135,222,1153.0,840.0,1266.0,1163.0,0.7321
135,190,343.0,776.0,592.0,1412.0,0.729
135,249,1253.0,766.0,1370.0,1332.0,0.6461
135,208,111.0,717.0,423.0,1409.0,0.5888
136,1,1555.0,666.0,1872.0,1427.0,0.835
136,4,1347.0,781.0,1590.0,1436.0,0.7578
136,175,1695.0,727.0,2123.0,1434.0,0.7974
136,199,0.0,736.0,245.0,1437.0,0.8524
136,201,517.0,731.0,798.0,1434.0,0.5978
136,206,737.0,681.0,951.0,1438.0,0.8221
136,146,2290.0,1020.0,2380.0,1256.0,0.4358
136,232,2009.0,714.0,2296.0,1436.0,0.8463
136,222,1157.0,839.0,1271.0,1165.0,0.7249
136,190,338.0,770.0,586.0,1407.0,0.7452
136,249,1249.0,765.0,1370.0,1334.0,0.7928
136,208,86.0,716.0,396.0,1412.0,0.7444
137,1,1555.0,666.0,1869.0,1429.0,0.8612
137,4,1357.0,781.0,1597.0,1434.0,0.7752
137,175,1687.0,732.0,2106.0,1433.0,0.797
137,199,0.0,735.0,230.0,1435.0,0.8241
137,201,490.0,731.0,769.0,1434.0,0.7223
137,206,722.0,680.0,940.0,1436.0,0.8087
137,146,2290.0,1018.0,2381.0,1257.0,0.4024
137,232,2008.0,716.0,2297.0,1436.0,0.8451
137,222,1160.0,838.0,1272.0,1163.0,0.6744
137,190,333.0,772.0,576.0,1405.0,0.7424
137,249,1253.0,764.0,1378.0,1336.0,0.8246
137,208,79.0,720.0,392.0,1426.0,0.8525
138,1,1555.0,665.0,1863.0,1430.0,0.8162
138,4,1364.0,782.0,1602.0,1435.0,0.7831
138,175,1678.0,738.0,2092.0,1436.0,0.8217
138,199,0.0,731.0,221.0,1434.0,0.8011
138,201,463.0,734.0,737.0,1435.0,0.6056
138,206,707.0,681.0,930.0,1436.0,0.8132
138,232,2013.0,715.0,2308.0,1436.0,0.8534
138,222,1159.0,836.0,1273.0,1171.0,0.5406
138,190,331.0,790.0,560.0,1399.0,0.5338
138,249,1251.0,764.0,1382.0,1343.0,0.8149
138,208,76.0,721.0,393.0,1433.0,0.8773
138,104,990.0,416.0,1079.0,639.0,0.2951
139,1,1558.0,666.0,1860.0,1431.0,0.8341
139,4,1372.0,782.0,1610.0,1436.0,0.8108
139,175,1673.0,744.0,2082.0,1437.0,0.7937
139,199,0.0,731.0,205.0,1429.0,0.8249
139,201,447.0,727.0,727.0,1435.0,0.5669
139,206,693.0,680.0,920.0,1436.0,0.8238
139,232,2017.0,715.0,2317.0,1436.0,0.8575
139,222,1165.0,839.0,1270.0,1154.0,0.4991
139,190,338.0,826.0,557.0,1416.0,0.4212
139,249,1243.0,760.0,1381.0,1346.0,0.7807
139,208,57.0,720.0,385.0,1440.0,0.856
140,1,1559.0,666.0,1855.0,1431.0,0.8298
140,4,1381.0,783.0,1618.0,1438.0,0.8086
140,175,1673.0,747.0,2077.0,1438.0,0.8334
140,199,0.0,731.0,190.0,1417.0,0.709
140,201,410.0,727.0,697.0,1434.0,0.6669
140,206,676.0,681.0,909.0,1437.0,0.8287
140,232,2020.0,714.0,2324.0,1435.0,0.8649
140,249,1238.0,763.0,1381.0,1355.0,0.7771
140,208,52.0,717.0,391.0,1440.0,0.8318
141,1,1558.0,670.0,1845.0,1429.0,0.7556
141,4,1383.0,785.0,1619.0,1439.0,0.7855
141,175,1672.0,748.0,2073.0,1437.0,0.8572
141,199,0.0,737.0,161.0,1325.0,0.7102
141,201,398.0,725.0,689.0,1437.0,0.7757
141,206,666.0,682.0,904.0,1436.0,0.8324
141,232,2020.0,714.0,2330.0,1435.0,0.8615
141,249,1228.0,762.0,1375.0,1353.0,0.8203
141,208,52.0,714.0,396.0,1440.0,0.8499
142,1,1553.0,675.0,1833.0,1427.0,0.6675
142,4,1379.0,788.0,1613.0,1435.0,0.7897
142,175,1669.0,749.0,2066.0,1436.0,0.8352
142,199,0.0,741.0,143.0,1289.0,0.7029
142,201,383.0,727.0,676.0,1438.0,0.8023
142,206,658.0,685.0,900.0,1436.0,0.8275
142,232,2021.0,712.0,2336.0,1432.0,0.8789
142,249,1217.0,761.0,1370.0,1353.0,0.8352
142,208,56.0,712.0,403.0,1440.0,0.8653
142,252,647.0,799.0,720.0,924.0,0.3768
143,1,1552.0,683.0,1827.0,1427.0,0.6664
143,4,1378.0,787.0,1611.0,1431.0,0.7449
143,175,1667.0,748.0,2063.0,1435.0,0.8384
143,199,0.0,756.0,117.0,1209.0,0.5358
143,201,368.0,734.0,664.0,1439.0,0.8104
143,206,654.0,684.0,901.0,1436.0,0.8481
143,232,2018.0,710.0,2339.0,1432.0,0.8883
143,249,1209.0,758.0,1366.0,1348.0,0.8519
143,208,58.0,712.0,409.0,1440.0,0.8359
143,252,635.0,799.0,731.0,961.0,0.3461
144,1,1562.0,692.0,1827.0,1425.0,0.6128
144,4,1383.0,787.0,1615.0,1426.0,0.753
144,175,1669.0,747.0,2062.0,1435.0,0.8543
144,199,0.0,779.0,94.0,1139.0,0.5492
144,201,357.0,736.0,658.0,1439.0,0.7835
144,206,644.0,683.0,898.0,1437.0,0.8586
144,232,2021.0,706.0,2347.0,1433.0,0.8327
144,249,1200.0,754.0,1360.0,1344.0,0.8131
144,208,65.0,712.0,415.0,1440.0,0.8539
144,253,1354.0,791.0,1458.0,1355.0,0.524
145,1,1567.0,699.0,1824.0,1421.0,0.5871
145,4,1391.0,788.0,1618.0,1406.0,0.6997
145,175,1669.0,748.0,2058.0,1435.0,0.8691
145,199,0.0,791.0,76.0,1111.0,0.4043
145,201,342.0,743.0,645.0,1440.0,0.7316
145,206,634.0,682.0,895.0,1437.0,0.8421
145,232,2026.0,701.0,2362.0,1432.0,0.8456
145,249,1195.0,753.0,1357.0,1346.0,0.8311
145,208,67.0,708.0,418.0,1440.0,0.8301
145,253,1363.0,786.0,1470.0,1365.0,0.5739
145,243,545.0,768.0,693.0,976.0,0.3426
146,1,1566.0,698.0,1820.0,1418.0,0.5252
146,4,1399.0,788.0,1624.0,1404.0,0.6804
146,175,1663.0,748.0,2050.0,1436.0,0.8703
146,201,322.0,737.0,629.0,1437.0,0.6723
146,206,625.0,680.0,891.0,1437.0,0.8357
146,232,2028.0,698.0,2373.0,1431.0,0.8676
146,249,1187.0,751.0,1350.0,1348.0,0.843
146,208,75.0,707.0,419.0,1433.0,0.8089
146,253,1362.0,780.0,1472.0,1371.0,0.6168
146,256,865.0,807.0,939.0,1040.0,0.5129
147,1,1569.0,695.0,1822.0,1426.0,0.5464
147,4,1404.0,790.0,1631.0,1413.0,0.7344
147,175,1656.0,751.0,2040.0,1435.0,0.8783
147,201,293.0,730.0,600.0,1433.0,0.6316
147,206,616.0,676.0,889.0,1436.0,0.8229
147,232,2024.0,692.0,2379.0,1432.0,0.8647
147,249,1178.0,752.0,1343.0,1354.0,0.8457
147,208,80.0,714.0,411.0,1426.0,0.7413
147,253,1359.0,781.0,1470.0,1370.0,0.6206
147,256,863.0,805.0,938.0,1043.0,0.4639
147,257,0.0,966.0,33.0,1114.0,0.4257
148,1,1574.0,698.0,1819.0,1417.0,0.5287
148,4,1415.0,789.0,1644.0,1422.0,0.7564
148,175,1651.0,753.0,2032.0,1435.0,0.8773
148,201,293.0,724.0,603.0,1436.0,0.4497
148,206,601.0,672.0,881.0,1438.0,0.8327
148,232,2023.0,687.0,2386.0,1433.0,0.8755
148,249,1167.0,751.0,1337.0,1365.0,0.8561
148,208,101.0,708.0,433.0,1429.0,0.6501
148,253,1347.0,782.0,1461.0,1373.0,0.7761
148,256,869.0,803.0,945.0,1043.0,0.4903
148,257,2.0,968.0,36.0,1118.0,0.3729
148,258,523.0,767.0,673.0,1379.0,0.4881
148,259,938.0,814.0,1041.0,1144.0,0.5482
149,1,1582.0,694.0,1820.0,1403.0,0.4794
149,4,1422.0,790.0,1651.0,1424.0,0.76
149,175,1647.0,756.0,2025.0,1435.0,0.8865
149,201,280.0,727.0,588.0,1437.0,0.2611
149,206,573.0,672.0,861.0,1438.0,0.8328
149,232,2024.0,683.0,2395.0,1431.0,0.881
149,249,1157.0,751.0,1330.0,1375.0,0.843
149,208,130.0,711.0,462.0,1432.0,0.45
149,253,1337.0,782.0,1454.0,1381.0,0.7379
149,256,874.0,800.0,951.0,1042.0,0.6305
149,257,3.0,970.0,36.0,1114.0,0.2825
149,259,940.0,809.0,1044.0,1143.0,0.5091
150,1,1588.0,701.0,1819.0,1402.0,0.3773
150,4,1429.0,794.0,1655.0,1421.0,0.8016
150,175,1647.0,757.0,2022.0,1435.0,0.8755
150,206,556.0,668.0,852.0,1439.0,0.8353
150,232,2027.0,677.0,2406.0,1429.0,0.8866
150,249,1146.0,749.0,1321.0,1378.0,0.8568
150,208,164.0,713.0,502.0,1431.0,0.4698
150,253,1323.0,781.0,1443.0,1389.0,0.7495
150,256,879.0,799.0,957.0,1041.0,0.6282
150,257,3.0,971.0,37.0,1118.0,0.3515
150,259,951.0,805.0,1057.0,1144.0,0.4991
151,1,1591.0,704.0,1818.0,1405.0,0.3748
151,4,1432.0,798.0,1655.0,1417.0,0.7924
151,175,1643.0,763.0,2013.0,1435.0,0.8817
151,206,547.0,667.0,846.0,1439.0,0.8554
151,232,2028.0,674.0,2416.0,1429.0,0.8865
151,249,1132.0,750.0,1308.0,1377.0,0.8517
151,208,191.0,709.0,533.0,1437.0,0.6783
151,253,1313.0,782.0,1437.0,1402.0,0.7875
151,256,882.0,801.0,961.0,1041.0,0.6273
151,257,3.0,973.0,37.0,1119.0,0.3381
151,259,961.0,807.0,1067.0,1142.0,0.4777
152,1,1595.0,705.0,1817.0,1407.0,0.3422
152,4,1432.0,800.0,1657.0,1424.0,0.8012
152,175,1645.0,768.0,2008.0,1434.0,0.8714
152,206,540.0,663.0,840.0,1440.0,0.8372
152,232,2028.0,673.0,2424.0,1432.0,0.8822
152,249,1116.0,752.0,1296.0,1380.0,0.8655
152,208,194.0,708.0,537.0,1439.0,0.79
152,253,1305.0,782.0,1433.0,1409.0,0.8059
152,256,888.0,797.0,969.0,1041.0,0.5259
152,259,961.0,802.0,1069.0,1141.0,0.5097
152,261,2.0,767.0,47.0,1125.0,0.4147
152,104,979.0,413.0,1067.0,633.0,0.4564
153,1,1601.0,706.0,1820.0,1409.0,0.3307
153,4,1434.0,802.0,1659.0,1429.0,0.7753
153,175,1648.0,774.0,2003.0,1434.0,0.8765
153,206,523.0,661.0,823.0,1440.0,0.8361
153,232,2026.0,671.0,2428.0,1430.0,0.8765
153,249,1101.0,754.0,1285.0,1383.0,0.8921
153,253,1294.0,781.0,1427.0,1412.0,0.8618
153,256,892.0,794.0,975.0,1042.0,0.6191
153,259,969.0,803.0,1079.0,1145.0,0.6448
153,261,6.0,769.0,51.0,1126.0,0.4318
153,104,978.0,412.0,1065.0,633.0,0.3949
154,4,1439.0,803.0,1662.0,1430.0,0.7462
154,175,1654.0,779.0,2002.0,1435.0,0.858
154,206,508.0,659.0,807.0,1440.0,0.8484
154,232,2025.0,670.0,2435.0,1430.0,0.821
154,249,1091.0,754.0,1278.0,1387.0,0.8834
154,253,1287.0,783.0,1423.0,1409.0,0.8413
154,256,895.0,791.0,981.0,1042.0,0.573
154,259,966.0,800.0,1077.0,1143.0,0.5505
154,261,12.0,770.0,59.0,1131.0,0.4389
154,104,977.0,413.0,1064.0,631.0,0.3945
154,263,0.0,768.0,63.0,1430.0,0.4567
154,201,173.0,713.0,492.0,1434.0,0.819
155,4,1444.0,805.0,1661.0,1422.0,0.7615
155,175,1656.0,781.0,1998.0,1435.0,0.8603
155,206,492.0,658.0,787.0,1439.0,0.8083
155,232,2039.0,673.0,2451.0,1431.0,0.8057
155,249,1080.0,755.0,1271.0,1390.0,0.8485
155,253,1271.0,787.0,1412.0,1411.0,0.8457
155,256,898.0,790.0,986.0,1042.0,0.3039
155,259,958.0,799.0,1068.0,1140.0,0.362
155,104,978.0,413.0,1063.0,630.0,0.3411
155,263,9.0,766.0,77.0,1431.0,0.6694
155,201,151.0,713.0,476.0,1433.0,0.8356
156,4,1449.0,806.0,1661.0,1411.0,0.7534
156,175,1655.0,780.0,1993.0,1435.0,0.8478
156,206,478.0,658.0,770.0,1438.0,0.8072
156,232,2039.0,673.0,2457.0,1431.0,0.856
156,249,1068.0,753.0,1265.0,1398.0,0.8344
156,253,1257.0,788.0,1404.0,1419.0,0.8619
156,256,905.0,787.0,996.0,1045.0,0.4821
156,259,964.0,803.0,1072.0,1141.0,0.4488
156,104,978.0,414.0,1062.0,628.0,0.2799
156,263,15.0,768.0,83.0,1430.0,0.6846
156,201,123.0,716.0,453.0,1433.0,0.7978
156,1,1644.0,698.0,1796.0,1163.0,0.457
157,4,1453.0,807.0,1661.0,1408.0,0.7667
157,175,1658.0,782.0,1992.0,1435.0,0.8554
157,206,453.0,660.0,737.0,1437.0,0.7541
157,232,2040.0,673.0,2463.0,1431.0,0.8619
157,249,1060.0,750.0,1261.0,1405.0,0.819
157,253,1247.0,788.0,1400.0,1424.0,0.8568
157,259,963.0,795.0,1071.0,1138.0,0.3429
157,263,19.0,769.0,89.0,1437.0,0.6874
157,201,100.0,720.0,431.0,1434.0,0.6534
157,267,1389.0,853.0,1459.0,1136.0,0.3562
157,269,657.0,768.0,791.0,1403.0,0.6586
157,1,1648.0,697.0,1798.0,1136.0,0.4065
157,190,296.0,713.0,541.0,1431.0,0.6655
158,4,1460.0,809.0,1661.0,1392.0,0.7516
158,175,1659.0,782.0,1989.0,1435.0,0.8544
158,206,431.0,658.0,710.0,1436.0,0.817
158,232,2037.0,671.0,2467.0,1431.0,0.891
158,249,1053.0,746.0,1259.0,1412.0,0.8422
158,253,1240.0,788.0,1396.0,1425.0,0.8187
158,259,972.0,803.0,1078.0,1138.0,0.4294
158,263,21.0,767.0,93.0,1431.0,0.7344
158,201,93.0,722.0,423.0,1438.0,0.5551
158,267,1385.0,848.0,1457.0,1137.0,0.4055
158,269,658.0,766.0,793.0,1403.0,0.7782
158,1,1644.0,697.0,1799.0,1136.0,0.357
158,190,301.0,708.0,534.0,1426.0,0.7247
159,4,1467.0,807.0,1665.0,1383.0,0.7811
159,175,1659.0,782.0,1986.0,1436.0,0.8329
159,206,422.0,655.0,695.0,1433.0,0.7295
159,232,2031.0,670.0,2469.0,1430.0,0.9045
159,249,1046.0,741.0,1253.0,1413.0,0.8146
159,253,1232.0,780.0,1393.0,1426.0,0.7918
159,259,978.0,805.0,1083.0,1137.0,0.2702
159,263,24.0,763.0,99.0,1430.0,0.5498
159,201,72.0,719.0,408.0,1433.0,0.6718
159,267,1382.0,841.0,1457.0,1136.0,0.6193
159,269,662.0,760.0,800.0,1399.0,0.8184
159,1,1642.0,697.0,1804.0,1147.0,0.3073
159,190,308.0,706.0,529.0,1409.0,0.7406
159,256,915.0,790.0,1030.0,1119.0,0.4515
159,104,975.0,415.0,1062.0,632.0,0.3806
160,4,1470.0,805.0,1665.0,1378.0,0.793
160,175,1660.0,781.0,1982.0,1435.0,0.7674
160,206,419.0,653.0,691.0,1432.0,0.7678
160,232,2026.0,669.0,2470.0,1430.0,0.9023
160,249,1038.0,738.0,1245.0,1414.0,0.8237
160,253,1222.0,776.0,1387.0,1433.0,0.7389
160,263,27.0,762.0,105.0,1420.0,0.5632
160,201,65.0,719.0,402.0,1431.0,0.5193
160,267,1383.0,840.0,1458.0,1132.0,0.6644
160,269,667.0,759.0,806.0,1397.0,0.8157
160,190,306.0,702.0,522.0,1401.0,0.7457
160,256,929.0,790.0,1048.0,1131.0,0.4987
160,104,974.0,414.0,1062.0,635.0,0.4442
161,4,1475.0,805.0,1669.0,1372.0,0.8271
161,175,1658.0,779.0,1976.0,1434.0,0.7953
161,206,412.0,652.0,683.0,1432.0,0.8081
161,232,2022.0,664.0,2475.0,1430.0,0.897
161,249,1030.0,735.0,1236.0,1414.0,0.8253
161,253,1215.0,774.0,1381.0,1429.0,0.7561
161,201,34.0,725.0,373.0,1431.0,0.5648
161,267,1383.0,837.0,1459.0,1130.0,0.5611
161,269,670.0,759.0,810.0,1394.0,0.8159
161,190,297.0,706.0,512.0,1409.0,0.7396
161,256,929.0,787.0,1047.0,1127.0,0.6183
161,104,973.0,414.0,1062.0,638.0,0.3348
162,4,1476.0,802.0,1669.0,1368.0,0.8188
162,175,1660.0,777.0,1974.0,1432.0,0.8223
162,206,398.0,652.0,670.0,1432.0,0.7624
162,232,2017.0,654.0,2479.0,1431.0,0.9095
162,249,1021.0,733.0,1226.0,1411.0,0.8013
162,253,1209.0,773.0,1376.0,1429.0,0.8294
162,201,15.0,731.0,354.0,1430.0,0.7509
162,267,1394.0,843.0,1468.0,1129.0,0.3647
162,269,675.0,766.0,818.0,1394.0,0.8386
162,190,291.0,712.0,506.0,1415.0,0.6679
162,256,934.0,789.0,1050.0,1124.0,0.5598
162,104,974.0,414.0,1061.0,634.0,0.3063
162,263,16.0,744.0,98.0,1429.0,0.4051
163,4,1479.0,804.0,1669.0,1360.0,0.831
163,175,1659.0,774.0,1971.0,1429.0,0.8263
163,206,386.0,652.0,659.0,1433.0,0.7906
163,232,2011.0,646.0,2480.0,1431.0,0.9138
163,249,1010.0,731.0,1215.0,1411.0,0.8265
163,253,1200.0,770.0,1369.0,1429.0,0.8276
163,201,3.0,728.0,346.0,1430.0,0.8693
163,267,1383.0,861.0,1453.0,1128.0,0.4201
163,269,684.0,768.0,832.0,1393.0,0.8447
163,190,287.0,709.0,505.0,1423.0,0.6923
163,256,937.0,790.0,1053.0,1128.0,0.636
163,104,974.0,414.0,1061.0,632.0,0.2643
164,4,1478.0,802.0,1667.0,1361.0,0.8315
164,175,1662.0,780.0,1969.0,1429.0,0.8829
164,206,369.0,654.0,643.0,1434.0,0.7647
164,232,2002.0,640.0,2476.0,1430.0,0.9178
164,249,1001.0,725.0,1205.0,1405.0,0.8512
164,253,1190.0,767.0,1362.0,1429.0,0.8394
164,201,0.0,725.0,336.0,1434.0,0.8474
164,267,1376.0,865.0,1445.0,1126.0,0.3831
164,269,692.0,769.0,848.0,1395.0,0.8496
164,190,282.0,732.0,495.0,1427.0,0.6913
164,256,926.0,789.0,1068.0,1221.0,0.4706
165,4,1480.0,802.0,1666.0,1359.0,0.7925
165,175,1658.0,783.0,1963.0,1429.0,0.8382
165,206,328.0,654.0,612.0,1435.0,0.754
165,232,2002.0,634.0,2485.0,1430.0,0.9219
165,249,985.0,721.0,1191.0,1406.0,0.8235
165,253,1180.0,766.0,1355.0,1428.0,0.7864
165,201,0.0,725.0,324.0,1435.0,0.894
165,267,1377.0,872.0,1440.0,1111.0,0.3362
165,269,696.0,769.0,860.0,1396.0,0.8455
165,190,277.0,751.0,485.0,1428.0,0.5166
165,273,1398.0,846.0,1487.0,1127.0,0.3389
166,4,1483.0,803.0,1667.0,1357.0,0.795
166,175,1655.0,786.0,1958.0,1431.0,0.8745
166,206,307.0,652.0,598.0,1436.0,0.8275
166,232,2003.0,627.0,2493.0,1430.0,0.9293
166,249,965.0,719.0,1175.0,1407.0,0.7052
166,253,1169.0,766.0,1349.0,1431.0,0.7967
166,201,0.0,722.0,314.0,1437.0,0.8803
166,267,1377.0,876.0,1440.0,1113.0,0.3684
166,269,690.0,769.0,863.0,1396.0,0.8453
166,273,1411.0,838.0,1502.0,1127.0,0.3826
167,4,1488.0,812.0,1668.0,1354.0,0.736
167,175,1648.0,780.0,1953.0,1432.0,0.7863
167,206,294.0,646.0,593.0,1438.0,0.8611
167,232,2001.0,621.0,2499.0,1430.0,0.9153
167,249,947.0,720.0,1163.0,1417.0,0.7962
167,253,1151.0,765.0,1333.0,1432.0,0.7429
167,201,0.0,719.0,301.0,1439.0,0.8455
167,267,1379.0,877.0,1446.0,1124.0,0.3919
167,269,693.0,772.0,873.0,1395.0,0.8443
167,273,1417.0,840.0,1508.0,1128.0,0.359
167,274,1293.0,851.0,1365.0,1168.0,0.4424
168,4,1490.0,812.0,1670.0,1356.0,0.7256
168,175,1638.0,763.0,1949.0,1433.0,0.8113
168,206,278.0,645.0,584.0,1439.0,0.8625
168,232,2003.0,615.0,2507.0,1429.0,0.9241
168,249,925.0,717.0,1149.0,1424.0,0.8184
168,253,1139.0,765.0,1323.0,1432.0,0.6815
168,201,0.0,717.0,287.0,1436.0,0.8351
168,267,1380.0,874.0,1449.0,1128.0,0.2806
168,269,687.0,776.0,873.0,1394.0,0.8407
168,273,1423.0,843.0,1512.0,1126.0,0.5726
168,274,1293.0,851.0,1364.0,1163.0,0.4906
169,4,1497.0,816.0,1673.0,1344.0,0.7597
169,175,1638.0,775.0,1941.0,1433.0,0.8336
169,206,259.0,644.0,572.0,1437.0,0.8794
169,232,2007.0,613.0,2517.0,1428.0,0.9268
169,249,900.0,718.0,1132.0,1427.0,0.8067
169,253,1096.0,767.0,1288.0,1436.0,0.7701
169,201,0.0,714.0,273.0,1435.0,0.8345
169,269,687.0,777.0,881.0,1398.0,0.8247
169,273,1424.0,844.0,1512.0,1127.0,0.3803
169,274,1293.0,849.0,1365.0,1161.0,0.3751
170,4,1494.0,818.0,1674.0,1356.0,0.735
170,175,1639.0,787.0,1933.0,1433.0,0.8451
170,206,241.0,645.0,559.0,1437.0,0.8926
170,232,2011.0,611.0,2526.0,1428.0,0.9311
170,249,877.0,722.0,1115.0,1427.0,0.7853
170,253,1072.0,768.0,1274.0,1439.0,0.8186
170,201,0.0,711.0,261.0,1433.0,0.7115
170,269,686.0,778.0,887.0,1399.0,0.8362
170,273,1429.0,854.0,1514.0,1125.0,0.475
170,274,1293.0,844.0,1366.0,1161.0,0.3137
170,267,1391.0,870.0,1460.0,1128.0,0.3411
171,4,1496.0,840.0,1668.0,1353.0,0.6781
171,175,1638.0,798.0,1926.0,1434.0,0.8588
171,206,222.0,647.0,548.0,1436.0,0.8723
171,232,2014.0,607.0,2536.0,1428.0,0.9339
171,249,855.0,719.0,1104.0,1435.0,0.7484
171,253,1052.0,770.0,1262.0,1438.0,0.8518
171,201,0.0,739.0,274.0,1427.0,0.6655
171,269,687.0,766.0,901.0,1406.0,0.8014
171,273,1419.0,848.0,1506.0,1125.0,0.5666
171,263,33.0,705.0,131.0,1431.0,0.7009
172,4,1494.0,824.0,1670.0,1355.0,0.6915
172,175,1633.0,801.0,1919.0,1434.0,0.8752
172,206,210.0,648.0,543.0,1437.0,0.8658
172,232,2015.0,607.0,2540.0,1428.0,0.9341
172,249,851.0,719.0,1101.0,1432.0,0.6479
172,253,1033.0,770.0,1253.0,1433.0,0.8349
172,201,0.0,722.0,254.0,1428.0,0.6844
172,269,691.0,774.0,909.0,1402.0,0.8287
172,273,1417.0,852.0,1504.0,1126.0,0.429
172,258,455.0,723.0,619.0,1417.0,0.6997
172,274,1313.0,843.0,1389.0,1158.0,0.3954
173,4,1492.0,823.0,1669.0,1362.0,0.7034
173,175,1635.0,797.0,1920.0,1435.0,0.7792
173,206,197.0,650.0,536.0,1438.0,0.8464
173,232,2016.0,606.0,2545.0,1428.0,0.93
173,249,843.0,719.0,1096.0,1438.0,0.7702
173,253,1028.0,769.0,1255.0,1434.0,0.8718
173,201,0.0,743.0,262.0,1429.0,0.6671
173,269,695.0,759.0,916.0,1391.0,0.7201
173,273,1415.0,845.0,1505.0,1125.0,0.4336
173,258,457.0,719.0,621.0,1417.0,0.7315
173,274,1313.0,849.0,1385.0,1142.0,0.3649
173,104,971.0,413.0,1057.0,631.0,0.2738
174,4,1494.0,848.0,1662.0,1361.0,0.5056
174,175,1633.0,796.0,1916.0,1435.0,0.8151
174,206,180.0,655.0,527.0,1439.0,0.8604
174,232,2018.0,604.0,2550.0,1429.0,0.9367
174,249,830.0,718.0,1085.0,1439.0,0.7629
174,253,1021.0,773.0,1254.0,1435.0,0.8486
174,201,0.0,743.0,256.0,1425.0,0.7943
174,269,703.0,750.0,926.0,1390.0,0.601
174,273,1414.0,857.0,1501.0,1124.0,0.4076
174,258,459.0,716.0,624.0,1407.0,0.7755
174,274,1325.0,847.0,1396.0,1133.0,0.4325
174,279,1235.0,844.0,1329.0,1154.0,0.4328
174,104,970.0,412.0,1057.0,631.0,0.3976
175,4,1495.0,861.0,1656.0,1354.0,0.5723
175,175,1631.0,797.0,1912.0,1436.0,0.8601
175,206,167.0,658.0,523.0,1438.0,0.8421
175,232,2021.0,604.0,2555.0,1430.0,0.9469
175,249,837.0,719.0,1082.0,1415.0,0.6498
175,253,1019.0,769.0,1257.0,1436.0,0.8626
175,201,0.0,740.0,262.0,1427.0,0.8253
175,269,740.0,757.0,940.0,1348.0,0.631
175,273,1417.0,871.0,1496.0,1113.0,0.3753
175,258,457.0,715.0,626.0,1401.0,0.7985
175,274,1335.0,851.0,1401.0,1112.0,0.4316
175,279,1236.0,843.0,1330.0,1155.0,0.5005
175,104,970.0,412.0,1057.0,632.0,0.3917
176,4,1494.0,831.0,1658.0,1338.0,0.569
176,175,1627.0,796.0,1907.0,1436.0,0.8717
176,206,160.0,654.0,526.0,1439.0,0.8276
176,232,2024.0,601.0,2560.0,1429.0,0.9352
176,249,825.0,717.0,1073.0,1428.0,0.6035
176,253,1016.0,766.0,1258.0,1435.0,0.8196
176,201,0.0,752.0,263.0,1433.0,0.8726
176,269,745.0,768.0,945.0,1379.0,0.372
176,273,1418.0,863.0,1499.0,1109.0,0.3652
176,258,450.0,714.0,630.0,1402.0,0.8133
176,274,1334.0,850.0,1404.0,1118.0,0.525
176,279,1233.0,828.0,1332.0,1153.0,0.555
176,104,969.0,412.0,1057.0,633.0,0.488
177,4,1495.0,821.0,1653.0,1304.0,0.6153
177,175,1626.0,795.0,1904.0,1435.0,0.8645
177,206,150.0,651.0,523.0,1439.0,0.8094
177,232,2024.0,594.0,2560.0,1429.0,0.9304
177,249,799.0,715.0,1050.0,1434.0,0.7459
177,253,1008.0,760.0,1254.0,1437.0,0.8758
177,201,0.0,754.0,265.0,1433.0,0.8639
177,273,1418.0,854.0,1500.0,1101.0,0.3737
177,258,446.0,716.0,637.0,1399.0,0.8636
177,274,1333.0,849.0,1404.0,1120.0,0.5655
177,279,1231.0,822.0,1331.0,1152.0,0.6003
177,104,970.0,411.0,1057.0,631.0,0.4689
178,4,1500.0,818.0,1653.0,1287.0,0.6497
178,175,1622.0,795.0,1899.0,1435.0,0.8658
178,206,135.0,649.0,511.0,1439.0,0.7333
178,232,2025.0,586.0,2560.0,1429.0,0.9366
178,249,794.0,712.0,1045.0,1438.0,0.7719
178,253,998.0,754.0,1245.0,1437.0,0.8017
178,201,0.0,767.0,262.0,1437.0,0.6917
178,273,1418.0,859.0,1495.0,1094.0,0.2638
178,258,447.0,719.0,651.0,1395.0,0.7936
178,274,1336.0,851.0,1406.0,1113.0,0.582
178,279,1233.0,826.0,1333.0,1151.0,0.4906
178,104,970.0,411.0,1057.0,628.0,0.4286
179,4,1500.0,812.0,1658.0,1297.0,0.6066
179,175,1621.0,795.0,1896.0,1433.0,0.8469
179,206,110.0,654.0,486.0,1439.0,0.7983
179,232,2033.0,580.0,2560.0,1429.0,0.9349
179,249,793.0,706.0,1042.0,1440.0,0.8552
179,253,982.0,751.0,1229.0,1436.0,0.8464
179,201,0.0,833.0,239.0,1439.0,0.2765
179,273,1425.0,851.0,1511.0,1112.0,0.501
179,258,434.0,721.0,651.0,1399.0,0.8094
179,274,1336.0,855.0,1406.0,1110.0,0.6303
179,279,1224.0,824.0,1325.0,1153.0,0.5469
179,104,971.0,411.0,1057.0,626.0,0.4165
179,282,1142.0,834.0,1237.0,1176.0,0.3861
180,4,1501.0,809.0,1657.0,1294.0,0.6145
180,175,1617.0,797.0,1890.0,1431.0,0.8176
180,206,54.0,653.0,437.0,1440.0,0.8944
180,232,2040.0,572.0,2560.0,1429.0,0.9421
180,249,788.0,703.0,1035.0,1440.0,0.8773
180,253,961.0,744.0,1206.0,1435.0,0.7007
180,273,1429.0,857.0,1515.0,1117.0,0.5694
180,258,431.0,723.0,656.0,1406.0,0.8366
180,274,1335.0,855.0,1405.0,1106.0,0.5897
180,279,1223.0,825.0,1324.0,1152.0,0.5212
180,104,971.0,411.0,1056.0,625.0,0.3688
180,282,1133.0,827.0,1231.0,1178.0,0.5083
180,284,1264.0,868.0,1338.0,1149.0,0.4237
181,4,1501.0,807.0,1658.0,1299.0,0.6682
181,175,1615.0,800.0,1887.0,1430.0,0.8807
181,206,19.0,649.0,406.0,1438.0,0.9044
181,232,2045.0,564.0,2560.0,1429.0,0.9364
181,249,778.0,701.0,1021.0,1440.0,0.834
181,253,945.0,740.0,1189.0,1438.0,0.79
181,273,1430.0,845.0,1521.0,1119.0,0.5375
181,258,446.0,721.0,677.0,1408.0,0.8584
181,274,1336.0,852.0,1408.0,1104.0,0.3374
181,279,1224.0,826.0,1326.0,1153.0,0.4933
181,104,972.0,412.0,1056.0,623.0,0.2639
181,282,1127.0,817.0,1229.0,1183.0,0.4717
182,4,1508.0,818.0,1654.0,1274.0,0.4632
182,175,1609.0,802.0,1881.0,1429.0,0.8699
182,206,2.0,645.0,392.0,1437.0,0.901
182,232,2051.0,557.0,2560.0,1429.0,0.9343
182,249,767.0,702.0,1006.0,1440.0,0.7913
182,253,931.0,735.0,1174.0,1439.0,0.8195
182,273,1436.0,870.0,1518.0,1119.0,0.5176
182,258,467.0,721.0,697.0,1409.0,0.8441
182,274,1339.0,855.0,1412.0,1102.0,0.3743
182,279,1211.0,825.0,1308.0,1141.0,0.549
182,282,1120.0,810.0,1225.0,1181.0,0.4889
182,284,1271.0,870.0,1337.0,1120.0,0.3406
183,4,1513.0,820.0,1650.0,1242.0,0.3892
183,175,1602.0,805.0,1873.0,1431.0,0.8518
183,206,0.0,642.0,381.0,1436.0,0.8971
183,232,2055.0,545.0,2560.0,1426.0,0.9281
183,249,753.0,704.0,988.0,1440.0,0.8145
183,253,911.0,730.0,1148.0,1434.0,0.8103
183,273,1437.0,854.0,1524.0,1119.0,0.4727
183,258,485.0,718.0,713.0,1407.0,0.8479
183,274,1342.0,855.0,1418.0,1110.0,0.4187
183,279,1206.0,825.0,1302.0,1141.0,0.4879
183,282,1114.0,805.0,1223.0,1183.0,0.6336
184,4,1515.0,845.0,1651.0,1266.0,0.404
184,175,1598.0,808.0,1868.0,1432.0,0.8482
184,206,0.0,640.0,371.0,1435.0,0.9064
184,232,2058.0,534.0,2560.0,1419.0,0.9232
184,249,737.0,704.0,970.0,1435.0,0.8511
184,253,900.0,728.0,1133.0,1432.0,0.8355
184,273,1441.0,859.0,1526.0,1118.0,0.4849
184,258,496.0,720.0,723.0,1407.0,0.85
184,274,1351.0,852.0,1428.0,1105.0,0.4059
184,279,1201.0,827.0,1297.0,1144.0,0.6013
184,282,1107.0,800.0,1221.0,1191.0,0.5289
184,284,1276.0,858.0,1340.0,1098.0,0.2766
185,4,1521.0,848.0,1648.0,1232.0,0.4233
185,175,1597.0,812.0,1865.0,1434.0,0.8369
185,206,0.0,637.0,368.0,1434.0,0.8857
185,232,2066.0,525.0,2560.0,1406.0,0.9139
185,249,721.0,703.0,952.0,1438.0,0.8659
185,253,887.0,729.0,1115.0,1430.0,0.8244
185,273,1440.0,858.0,1524.0,1117.0,0.4919
185,258,504.0,722.0,728.0,1406.0,0.8371
185,274,1356.0,853.0,1435.0,1109.0,0.453
185,279,1201.0,828.0,1296.0,1147.0,0.5007
185,282,1115.0,803.0,1229.0,1188.0,0.5802
185,284,1272.0,868.0,1335.0,1100.0,0.291
186,4,1520.0,845.0,1651.0,1238.0,0.4454
186,175,1595.0,813.0,1857.0,1432.0,0.7998
186,206,0.0,635.0,356.0,1435.0,0.931
186,232,2081.0,518.0,2560.0,1387.0,0.9252
186,249,697.0,708.0,928.0,1438.0,0.8574
186,253,882.0,735.0,1110.0,1436.0,0.807
186,273,1439.0,851.0,1525.0,1117.0,0.5414
186,258,504.0,722.0,727.0,1400.0,0.8495
186,274,1359.0,850.0,1440.0,1108.0,0.574
186,279,1204.0,828.0,1301.0,1154.0,0.448
186,282,1116.0,804.0,1231.0,1186.0,0.5758
187,4,1523.0,842.0,1652.0,1227.0,0.5278
187,175,1592.0,818.0,1848.0,1432.0,0.7877
187,206,0.0,634.0,348.0,1435.0,0.9103
187,232,2093.0,512.0,2560.0,1383.0,0.9232
187,249,670.0,704.0,905.0,1437.0,0.8282
187,253,864.0,739.0,1093.0,1437.0,0.7465
187,273,1443.0,854.0,1527.0,1118.0,0.6154
187,258,504.0,726.0,724.0,1397.0,0.8785
187,274,1359.0,849.0,1440.0,1108.0,0.5426
187,279,1207.0,829.0,1306.0,1160.0,0.5247
187,282,1113.0,800.0,1230.0,1192.0,0.4967
187,190,209.0,775.0,408.0,1401.0,0.7386
188,4,1524.0,832.0,1653.0,1216.0,0.6238
188,175,1599.0,817.0,1849.0,1425.0,0.8336
188,206,0.0,636.0,337.0,1434.0,0.914
188,232,2098.0,506.0,2560.0,1390.0,0.9269
188,249,645.0,700.0,884.0,1435.0,0.806
188,253,846.0,741.0,1078.0,1439.0,0.8373
188,273,1447.0,854.0,1530.0,1119.0,0.5637
188,258,505.0,728.0,724.0,1397.0,0.8553
188,274,1358.0,846.0,1441.0,1109.0,0.5405
188,279,1204.0,825.0,1303.0,1162.0,0.462
188,282,1116.0,799.0,1234.0,1196.0,0.4786
188,289,1736.0,752.0,1899.0,1283.0,0.4347
188,190,204.0,774.0,410.0,1405.0,0.8311
189,4,1525.0,832.0,1653.0,1214.0,0.4388
189,175,1604.0,816.0,1850.0,1418.0,0.8099
189,206,0.0,638.0,326.0,1436.0,0.9173
189,232,2109.0,501.0,2560.0,1403.0,0.9171
189,249,629.0,707.0,868.0,1437.0,0.8062
189,253,828.0,744.0,1061.0,1440.0,0.7756
189,273,1451.0,856.0,1533.0,1117.0,0.5458
189,258,504.0,727.0,724.0,1398.0,0.8526
189,274,1359.0,844.0,1443.0,1111.0,0.5854
189,279,1208.0,826.0,1304.0,1155.0,0.3857
189,282,1116.0,798.0,1234.0,1191.0,0.4537
189,289,1766.0,757.0,1883.0,1135.0,0.4483
189,190,201.0,778.0,411.0,1396.0,0.8403
190,4,1526.0,833.0,1651.0,1205.0,0.37
190,175,1603.0,815.0,1841.0,1401.0,0.7253
190,206,0.0,639.0,313.0,1436.0,0.915
190,232,2122.0,502.0,2560.0,1408.0,0.8837
190,249,613.0,710.0,852.0,1438.0,0.7582
190,253,813.0,740.0,1052.0,1438.0,0.8403
190,273,1458.0,866.0,1536.0,1117.0,0.5559
190,258,501.0,726.0,719.0,1395.0,0.7019
190,274,1364.0,857.0,1445.0,1112.0,0.5573
190,282,1113.0,796.0,1232.0,1182.0,0.4685
190,190,203.0,782.0,416.0,1385.0,0.8521
190,291,975.0,782.0,1117.0,1337.0,0.5606
191,175,1599.0,813.0,1833.0,1389.0,0.5269
191,206,0.0,642.0,299.0,1438.0,0.911
191,232,2139.0,509.0,2560.0,1417.0,0.8882
191,249,583.0,704.0,826.0,1432.0,0.7845
191,253,804.0,743.0,1047.0,1439.0,0.7955
191,273,1463.0,859.0,1541.0,1112.0,0.3763
191,274,1368.0,853.0,1449.0,1111.0,0.4818
191,190,204.0,787.0,423.0,1379.0,0.8549
191,291,973.0,785.0,1114.0,1336.0,0.7227
191,292,1733.0,756.0,1919.0,1295.0,0.5319
191,259,1092.0,803.0,1190.0,1122.0,0.299
192,175,1594.0,814.0,1826.0,1382.0,0.7413
192,206,0.0,645.0,284.0,1438.0,0.8976
192,232,2158.0,518.0,2560.0,1416.0,0.8674
192,249,577.0,704.0,820.0,1434.0,0.8134
192,253,777.0,735.0,1023.0,1440.0,0.8132
192,273,1468.0,861.0,1545.0,1111.0,0.3946
192,274,1370.0,846.0,1454.0,1111.0,0.4306
192,190,203.0,791.0,429.0,1377.0,0.8719
192,291,965.0,780.0,1108.0,1330.0,0.7035
192,292,1734.0,757.0,1916.0,1285.0,0.3805
192,259,1097.0,795.0,1195.0,1124.0,0.2731
192,4,1530.0,832.0,1656.0,1208.0,0.2926
193,175,1587.0,813.0,1819.0,1377.0,0.7425
193,206,0.0,647.0,269.0,1438.0,0.8918
193,232,2180.0,530.0,2560.0,1411.0,0.7768
193,249,568.0,696.0,809.0,1431.0,0.9086
193,253,754.0,729.0,1002.0,1440.0,0.8594
193,273,1474.0,864.0,1548.0,1109.0,0.4807
193,274,1369.0,837.0,1456.0,1111.0,0.5282
193,190,203.0,796.0,439.0,1381.0,0.8641
193,291,966.0,783.0,1111.0,1333.0,0.8027
193,292,1729.0,752.0,1915.0,1291.0,0.562
193,259,1103.0,793.0,1201.0,1132.0,0.2541
193,282,1133.0,793.0,1254.0,1186.0,0.4156
194,175,1587.0,811.0,1816.0,1373.0,0.7866
194,206,0.0,648.0,255.0,1438.0,0.8796
194,232,2199.0,533.0,2560.0,1410.0,0.8374
194,249,554.0,691.0,796.0,1436.0,0.9106
194,253,732.0,724.0,982.0,1440.0,0.7664
194,273,1479.0,869.0,1550.0,1107.0,0.456
194,274,1377.0,840.0,1462.0,1108.0,0.6265
194,190,203.0,797.0,456.0,1392.0,0.8869
194,291,972.0,781.0,1120.0,1332.0,0.7741
194,292,1728.0,747.0,1913.0,1282.0,0.5033
194,282,1145.0,791.0,1266.0,1182.0,0.5382
195,175,1582.0,809.0,1810.0,1374.0,0.8121
195,206,0.0,651.0,242.0,1437.0,0.8521
195,232,2222.0,538.0,2560.0,1415.0,0.7988
195,249,538.0,684.0,779.0,1435.0,0.8325
195,253,714.0,722.0,967.0,1439.0,0.7718
195,273,1485.0,868.0,1558.0,1108.0,0.5434
195,274,1380.0,839.0,1467.0,1106.0,0.6522
195,190,205.0,799.0,468.0,1395.0,0.8848
195,291,987.0,782.0,1137.0,1331.0,0.7112
195,292,1728.0,746.0,1910.0,1275.0,0.7374
195,282,1161.0,792.0,1281.0,1179.0,0.6941
196,175,1579.0,812.0,1805.0,1373.0,0.8103
196,206,0.0,653.0,229.0,1438.0,0.8502
196,232,2252.0,590.0,2560.0,1421.0,0.7373
196,249,520.0,680.0,759.0,1433.0,0.8594
196,253,689.0,718.0,945.0,1438.0,0.8155
196,273,1487.0,867.0,1560.0,1107.0,0.522
196,274,1382.0,841.0,1470.0,1106.0,0.6347
196,190,202.0,802.0,475.0,1394.0,0.9024
196,291,1011.0,788.0,1162.0,1330.0,0.6975
196,292,1725.0,748.0,1906.0,1274.0,0.7702
196,282,1171.0,792.0,1291.0,1179.0,0.639
196,295,2252.0,1004.0,2340.0,1241.0,0.6141
196,296,952.0,795.0,1036.0,1221.0,0.3765
197,175,1577.0,815.0,1800.0,1373.0,0.8351
197,206,0.0,664.0,214.0,1438.0,0.8376
197,232,2280.0,616.0,2560.0,1426.0,0.6726
197,249,498.0,677.0,733.0,1418.0,0.7716
197,253,665.0,717.0,921.0,1435.0,0.8038
197,273,1490.0,865.0,1565.0,1110.0,0.5198
197,274,1382.0,842.0,1469.0,1103.0,0.6384
197,190,206.0,805.0,486.0,1389.0,0.8754
197,291,1023.0,798.0,1175.0,1330.0,0.6909
197,292,1721.0,749.0,1901.0,1273.0,0.757
197,282,1179.0,792.0,1300.0,1179.0,0.6616
197,295,2252.0,1006.0,2340.0,1241.0,0.6614
198,175,1577.0,816.0,1797.0,1372.0,0.8314
198,206,0.0,700.0,202.0,1439.0,0.8508
198,249,470.0,672.0,707.0,1421.0,0.7927
198,253,640.0,710.0,901.0,1435.0,0.8313
198,273,1493.0,870.0,1567.0,1112.0,0.4485
198,274,1381.0,844.0,1469.0,1104.0,0.5813
198,190,212.0,809.0,493.0,1384.0,0.8312
198,291,1033.0,818.0,1182.0,1330.0,0.7063
198,292,1714.0,749.0,1897.0,1282.0,0.7854
198,282,1187.0,793.0,1310.0,1179.0,0.7233
198,295,2252.0,1005.0,2340.0,1241.0,0.6312
199,175,1577.0,819.0,1794.0,1372.0,0.8613
199,206,0.0,743.0,190.0,1439.0,0.7786
199,249,444.0,665.0,686.0,1431.0,0.7124
199,253,619.0,709.0,883.0,1436.0,0.7955
199,273,1494.0,867.0,1569.0,1111.0,0.3148
199,274,1383.0,846.0,1472.0,1106.0,0.58
199,190,215.0,812.0,495.0,1383.0,0.7504
199,291,1042.0,820.0,1194.0,1330.0,0.7441
199,292,1709.0,747.0,1892.0,1282.0,0.7875
199,282,1195.0,799.0,1319.0,1180.0,0.7289
199,295,2251.0,1006.0,2338.0,1240.0,0.7002
199,296,974.0,795.0,1042.0,1133.0,0.466
200,175,1573.0,821.0,1788.0,1370.0,0.8159
200,206,0.0,761.0,170.0,1436.0,0.5079
200,249,424.0,658.0,670.0,1431.0,0.713
200,253,593.0,705.0,862.0,1437.0,0.818
200,273,1495.0,867.0,1569.0,1110.0,0.2609
200,274,1390.0,846.0,1479.0,1106.0,0.445
200,190,228.0,811.0,503.0,1377.0,0.7069
200,291,1050.0,810.0,1207.0,1328.0,0.756
200,292,1707.0,747.0,1888.0,1283.0,0.8062
200,282,1205.0,803.0,1332.0,1179.0,0.6446
200,295,2252.0,1007.0,2340.0,1239.0,0.6387
200,298,2375.0,1048.0,2538.0,1419.0,0.4639
200,296,978.0,793.0,1046.0,1124.0,0.4829
201,175,1569.0,822.0,1783.0,1372.0,0.7209
201,249,405.0,667.0,651.0,1434.0,0.762
201,253,572.0,703.0,846.0,1437.0,0.774
201,274,1394.0,847.0,1483.0,1106.0,0.4348
201,190,239.0,807.0,504.0,1363.0,0.6159
201,291,1061.0,826.0,1218.0,1330.0,0.7264
201,292,1703.0,748.0,1884.0,1286.0,0.816
201,282,1216.0,807.0,1344.0,1178.0,0.5476
201,295,2252.0,1009.0,2338.0,1235.0,0.7227
201,298,2373.0,1051.0,2536.0,1419.0,0.6185
201,296,981.0,793.0,1050.0,1126.0,0.2904
202,175,1567.0,825.0,1777.0,1369.0,0.7388
202,249,368.0,667.0,618.0,1438.0,0.7621
202,253,551.0,703.0,829.0,1434.0,0.7037
202,274,1398.0,847.0,1489.0,1110.0,0.5383
202,291,1069.0,818.0,1231.0,1326.0,0.7364
202,292,1702.0,753.0,1881.0,1284.0,0.8424
202,282,1222.0,808.0,1354.0,1179.0,0.554
202,295,2251.0,1011.0,2337.0,1233.0,0.6729
202,298,2364.0,1042.0,2533.0,1423.0,0.7781
202,296,989.0,793.0,1058.0,1124.0,0.4279
202,302,766.0,726.0,913.0,1322.0,0.5613
203,175,1565.0,825.0,1774.0,1368.0,0.7384
203,249,341.0,673.0,593.0,1437.0,0.8239
203,253,517.0,707.0,797.0,1432.0,0.803
203,274,1399.0,849.0,1490.0,1111.0,0.6341
203,291,1072.0,801.0,1245.0,1327.0,0.7823
203,292,1701.0,757.0,1878.0,1283.0,0.8309
203,282,1230.0,807.0,1366.0,1181.0,0.4633
203,295,2250.0,1012.0,2336.0,1233.0,0.6744
203,298,2369.0,1040.0,2537.0,1421.0,0.7353
203,296,997.0,796.0,1068.0,1131.0,0.3408
203,302,761.0,721.0,916.0,1348.0,0.7094
203,273,1497.0,866.0,1571.0,1109.0,0.4164
204,175,1563.0,825.0,1769.0,1364.0,0.7571
204,249,313.0,676.0,569.0,1435.0,0.8404
204,253,498.0,713.0,780.0,1433.0,0.7362
204,274,1401.0,852.0,1491.0,1111.0,0.5806
204,291,1075.0,794.0,1255.0,1328.0,0.7972
204,292,1698.0,759.0,1874.0,1279.0,0.8333
204,282,1232.0,811.0,1369.0,1180.0,0.5542
204,295,2248.0,1009.0,2337.0,1235.0,0.5873
204,298,2365.0,1037.0,2534.0,1418.0,0.7439
204,296,1002.0,797.0,1075.0,1137.0,0.3253
204,302,763.0,723.0,920.0,1354.0,0.738
204,307,2502.0,1109.0,2560.0,1407.0,0.4379
204,273,1497.0,866.0,1572.0,1110.0,0.4109
205,175,1557.0,826.0,1762.0,1360.0,0.7619
205,249,283.0,673.0,544.0,1436.0,0.7843
205,253,470.0,718.0,760.0,1435.0,0.7942
205,274,1404.0,851.0,1495.0,1109.0,0.5591
205,291,1078.0,797.0,1261.0,1327.0,0.8047
205,292,1698.0,764.0,1873.0,1273.0,0.8215
205,282,1233.0,809.0,1374.0,1182.0,0.621
205,295,2248.0,1008.0,2338.0,1231.0,0.4657
205,298,2357.0,1035.0,2525.0,1412.0,0.7272
205,296,1010.0,796.0,1085.0,1138.0,0.2995
205,302,767.0,724.0,930.0,1375.0,0.7701
205,307,2498.0,1114.0,2556.0,1411.0,0.4362
205,273,1496.0,867.0,1568.0,1099.0,0.2937
206,175,1551.0,825.0,1752.0,1346.0,0.7262
206,249,258.0,672.0,521.0,1433.0,0.7935
206,253,445.0,720.0,744.0,1435.0,0.7613
206,274,1409.0,851.0,1499.0,1108.0,0.477
206,291,1081.0,795.0,1269.0,1325.0,0.8147
206,292,1694.0,765.0,1870.0,1277.0,0.8327
206,282,1239.0,814.0,1378.0,1180.0,0.591
206,295,2245.0,1004.0,2337.0,1230.0,0.5387
206,298,2353.0,1036.0,2519.0,1408.0,0.7043
206,296,1015.0,795.0,1092.0,1140.0,0.3028
206,302,773.0,724.0,938.0,1378.0,0.8186
206,307,2494.0,1106.0,2554.0,1415.0,0.5921
207,175,1544.0,824.0,1740.0,1329.0,0.7404
207,249,235.0,669.0,500.0,1437.0,0.7831
207,253,420.0,712.0,730.0,1433.0,0.7625
207,274,1408.0,847.0,1500.0,1108.0,0.4646
207,291,1086.0,790.0,1278.0,1324.0,0.8409
207,292,1693.0,762.0,1870.0,1272.0,0.8539
207,282,1242.0,814.0,1383.0,1181.0,0.5549
207,295,2240.0,1002.0,2334.0,1231.0,0.5553
207,298,2346.0,1033.0,2511.0,1402.0,0.6879
207,296,1026.0,795.0,1099.0,1123.0,0.3382
207,302,779.0,723.0,947.0,1380.0,0.8279
207,307,2492.0,1101.0,2554.0,1413.0,0.5769
208,175,1542.0,825.0,1735.0,1319.0,0.7573
208,249,215.0,669.0,478.0,1432.0,0.7344
208,253,356.0,710.0,685.0,1432.0,0.7095
208,274,1413.0,853.0,1504.0,1108.0,0.4872
208,291,1093.0,788.0,1288.0,1325.0,0.8345
208,292,1690.0,756.0,1869.0,1269.0,0.8339
208,282,1249.0,814.0,1390.0,1182.0,0.4901
208,295,2234.0,1004.0,2328.0,1232.0,0.5074
208,298,2345.0,1033.0,2508.0,1397.0,0.6768
208,296,1033.0,793.0,1109.0,1130.0,0.4659
208,302,786.0,725.0,960.0,1384.0,0.8296
208,307,2494.0,1103.0,2555.0,1407.0,0.4062
209,175,1540.0,823.0,1731.0,1311.0,0.8238
209,249,196.0,666.0,458.0,1433.0,0.7465
209,253,318.0,708.0,664.0,1436.0,0.7891
209,274,1416.0,855.0,1505.0,1107.0,0.5002
209,291,1103.0,789.0,1295.0,1317.0,0.817
209,292,1691.0,757.0,1871.0,1267.0,0.8406
209,282,1255.0,816.0,1396.0,1183.0,0.6334
209,295,2231.0,1005.0,2325.0,1231.0,0.3357
209,298,2353.0,1031.0,2506.0,1364.0,0.6632
209,296,1040.0,794.0,1114.0,1121.0,0.3672
209,302,796.0,727.0,975.0,1382.0,0.8482
210,175,1538.0,823.0,1726.0,1304.0,0.8167
210,249,175.0,656.0,437.0,1434.0,0.7669
210,253,290.0,698.0,653.0,1436.0,0.7852
210,274,1416.0,848.0,1507.0,1105.0,0.5708
210,291,1111.0,785.0,1302.0,1307.0,0.8217
210,292,1692.0,753.0,1874.0,1264.0,0.8626
210,282,1259.0,816.0,1400.0,1186.0,0.4737
210,295,2228.0,1006.0,2321.0,1232.0,0.5056
210,298,2346.0,1029.0,2499.0,1359.0,0.6376
210,296,1039.0,797.0,1118.0,1139.0,0.3148
210,302,802.0,726.0,989.0,1383.0,0.8135
210,307,2488.0,1100.0,2548.0,1397.0,0.3207
211,175,1537.0,821.0,1725.0,1301.0,0.82
211,249,142.0,651.0,402.0,1430.0,0.767
211,253,259.0,691.0,624.0,1435.0,0.7445
211,274,1419.0,847.0,1509.0,1103.0,0.5706
211,291,1118.0,784.0,1307.0,1299.0,0.8057
211,292,1697.0,754.0,1874.0,1244.0,0.8755
211,282,1263.0,813.0,1403.0,1184.0,0.6248
211,295,2228.0,1003.0,2323.0,1232.0,0.5242
211,298,2341.0,1030.0,2495.0,1370.0,0.6263
211,296,1049.0,799.0,1127.0,1141.0,0.3443
211,302,807.0,729.0,1001.0,1381.0,0.8204
211,307,2482.0,1082.0,2547.0,1392.0,0.6709
212,175,1535.0,821.0,1723.0,1300.0,0.7776
212,249,122.0,645.0,381.0,1434.0,0.8327
212,253,236.0,683.0,599.0,1434.0,0.7559
212,274,1423.0,849.0,1511.0,1104.0,0.4688
212,291,1126.0,782.0,1314.0,1296.0,0.825
212,292,1697.0,753.0,1876.0,1241.0,0.8818
212,282,1265.0,810.0,1403.0,1183.0,0.6905
212,295,2227.0,1004.0,2322.0,1232.0,0.5041
212,298,2332.0,1029.0,2489.0,1376.0,0.6695
212,296,1056.0,799.0,1133.0,1142.0,0.3199
212,302,807.0,734.0,1008.0,1377.0,0.8563
212,307,2482.0,1083.0,2547.0,1383.0,0.667
213,175,1530.0,822.0,1719.0,1301.0,0.7865
213,249,101.0,645.0,355.0,1431.0,0.7596
213,253,212.0,678.0,570.0,1435.0,0.7995
213,274,1424.0,849.0,1511.0,1104.0,0.4275
213,291,1137.0,801.0,1318.0,1295.0,0.8314
213,292,1694.0,753.0,1876.0,1239.0,0.877
213,282,1268.0,809.0,1403.0,1180.0,0.6901
213,295,2224.0,1002.0,2320.0,1231.0,0.6842
213,298,2328.0,1026.0,2486.0,1376.0,0.7461
213,296,1060.0,800.0,1140.0,1151.0,0.3379
213,302,810.0,742.0,1017.0,1374.0,0.8564
213,307,2485.0,1085.0,2549.0,1379.0,0.6433
213,190,421.0,804.0,674.0,1332.0,0.7907
214,175,1528.0,823.0,1717.0,1301.0,0.7808
214,249,70.0,641.0,324.0,1434.0,0.7904
214,253,194.0,675.0,549.0,1438.0,0.8124
214,274,1424.0,849.0,1512.0,1106.0,0.4594
214,291,1145.0,808.0,1325.0,1298.0,0.8547
214,292,1695.0,749.0,1879.0,1237.0,0.8824
214,282,1272.0,809.0,1406.0,1183.0,0.603
214,295,2222.0,1001.0,2318.0,1231.0,0.4407
214,298,2318.0,1020.0,2480.0,1377.0,0.75
214,296,1067.0,800.0,1153.0,1164.0,0.5141
214,302,818.0,735.0,1037.0,1375.0,0.8283
214,307,2485.0,1092.0,2549.0,1378.0,0.5146
214,190,428.0,803.0,685.0,1327.0,0.7865
215,175,1527.0,829.0,1716.0,1301.0,0.78
215,249,31.0,641.0,284.0,1433.0,0.8174
215,253,161.0,668.0,514.0,1435.0,0.8387
215,274,1430.0,848.0,1519.0,1104.0,0.3854
215,291,1154.0,823.0,1328.0,1297.0,0.8345
215,292,1692.0,749.0,1880.0,1238.0,0.8746
215,282,1274.0,808.0,1405.0,1182.0,0.6014
215,295,2218.0,1001.0,2315.0,1230.0,0.422
215,298,2314.0,1020.0,2475.0,1375.0,0.7207
215,296,1070.0,798.0,1161.0,1170.0,0.5754
215,302,820.0,728.0,1050.0,1375.0,0.8487
215,307,2486.0,1091.0,2551.0,1375.0,0.5531
215,190,432.0,802.0,691.0,1326.0,0.8274
216,175,1526.0,832.0,1715.0,1300.0,0.7974
216,249,1.0,637.0,256.0,1431.0,0.8564
216,253,136.0,666.0,491.0,1435.0,0.7894
216,274,1429.0,844.0,1520.0,1103.0,0.499
216,291,1159.0,816.0,1337.0,1296.0,0.8384
216,292,1691.0,752.0,1880.0,1233.0,0.8857
216,282,1281.0,808.0,1409.0,1182.0,0.5131
216,295,2216.0,1000.0,2313.0,1230.0,0.6009
216,298,2314.0,1025.0,2472.0,1374.0,0.7398
216,296,1066.0,795.0,1165.0,1195.0,0.4376
216,302,836.0,733.0,1076.0,1378.0,0.8193
216,307,2482.0,1091.0,2549.0,1375.0,0.6515
216,190,445.0,801.0,705.0,1326.0,0.8205
217,175,1526.0,835.0,1716.0,1297.0,0.8055
217,249,0.0,632.0,235.0,1430.0,0.8377
217,253,113.0,668.0,468.0,1434.0,0.813
217,274,1428.0,841.0,1520.0,1100.0,0.3602
217,291,1166.0,798.0,1350.0,1293.0,0.8286
217,292,1689.0,754.0,1879.0,1230.0,0.8834
217,282,1290.0,808.0,1416.0,1180.0,0.6913
217,295,2215.0,1001.0,2311.0,1229.0,0.5143
217,298,2313.0,1027.0,2471.0,1374.0,0.7949
217,296,1075.0,793.0,1174.0,1182.0,0.7062
217,302,850.0,734.0,1085.0,1355.0,0.8115
217,307,2478.0,1088.0,2548.0,1378.0,0.6088
217,190,452.0,800.0,705.0,1318.0,0.8235
218,175,1525.0,836.0,1716.0,1294.0,0.8094
218,249,0.0,627.0,218.0,1427.0,0.7803
218,253,81.0,668.0,440.0,1433.0,0.7176
218,274,1431.0,843.0,1522.0,1097.0,0.395
218,291,1175.0,790.0,1363.0,1291.0,0.8191
218,292,1690.0,757.0,1880.0,1229.0,0.8782
218,282,1294.0,807.0,1417.0,1178.0,0.5819
218,295,2213.0,1001.0,2309.0,1230.0,0.6411
218,298,2309.0,1029.0,2466.0,1373.0,0.7883
218,296,1081.0,793.0,1181.0,1177.0,0.683
218,302,852.0,730.0,1092.0,1356.0,0.833
218,307,2474.0,1075.0,2550.0,1382.0,0.6253
218,190,464.0,798.0,706.0,1306.0,0.7914
219,175,1524.0,836.0,1715.0,1290.0,0.7882
219,249,0.0,628.0,199.0,1424.0,0.6265
219,253,49.0,670.0,411.0,1432.0,0.8392
219,274,1433.0,846.0,1523.0,1098.0,0.4714
219,291,1179.0,784.0,1370.0,1290.0,0.8391
219,292,1688.0,763.0,1877.0,1229.0,0.8686
219,282,1299.0,809.0,1417.0,1172.0,0.4029
219,295,2212.0,1001.0,2308.0,1230.0,0.6097
219,298,2307.0,1031.0,2465.0,1375.0,0.8087
219,296,1083.0,791.0,1186.0,1174.0,0.7416
219,302,854.0,729.0,1094.0,1356.0,0.8043
219,307,2472.0,1079.0,2549.0,1381.0,0.6548
219,190,476.0,798.0,710.0,1298.0,0.7953
220,175,1522.0,832.0,1715.0,1289.0,0.7727
220,249,0.0,629.0,177.0,1421.0,0.7135
220,253,20.0,666.0,387.0,1432.0,0.8695
220,274,1434.0,847.0,1523.0,1097.0,0.4903
220,291,1185.0,784.0,1376.0,1291.0,0.8671
220,292,1689.0,772.0,1875.0,1223.0,0.8701
220,282,1308.0,812.0,1420.0,1163.0,0.3391
220,295,2211.0,1001.0,2305.0,1229.0,0.6243
220,298,2306.0,1034.0,2464.0,1377.0,0.8086
220,296,1081.0,789.0,1188.0,1179.0,0.6787
220,302,868.0,727.0,1100.0,1347.0,0.7911
220,307,2471.0,1084.0,2549.0,1382.0,0.7174
220,190,487.0,795.0,717.0,1296.0,0.8117
221,175,1519.0,835.0,1704.0,1274.0,0.7839
221,253,2.0,670.0,370.0,1434.0,0.8581
221,274,1434.0,845.0,1525.0,1100.0,0.5847
221,291,1189.0,786.0,1379.0,1288.0,0.8485
221,292,1688.0,780.0,1872.0,1224.0,0.8538
221,282,1316.0,814.0,1426.0,1162.0,0.4286
221,295,2210.0,1001.0,2304.0,1229.0,0.5501
221,298,2305.0,1035.0,2459.0,1367.0,0.7812
221,296,1090.0,788.0,1197.0,1169.0,0.7194
221,302,887.0,726.0,1111.0,1336.0,0.7579
221,307,2468.0,1086.0,2548.0,1384.0,0.6723
221,190,502.0,793.0,727.0,1296.0,0.8214
222,175,1518.0,835.0,1700.0,1271.0,0.7946
222,253,0.0,659.0,357.0,1435.0,0.8942
222,274,1433.0,843.0,1525.0,1101.0,0.5271
222,291,1192.0,786.0,1384.0,1289.0,0.8138
222,292,1688.0,784.0,1870.0,1222.0,0.8536
222,282,1317.0,817.0,1429.0,1183.0,0.302
222,295,2209.0,1001.0,2303.0,1229.0,0.5414
222,298,2301.0,1035.0,2452.0,1360.0,0.7393
222,296,1098.0,787.0,1204.0,1161.0,0.7319
222,302,904.0,727.0,1124.0,1336.0,0.8288
222,307,2465.0,1093.0,2545.0,1382.0,0.6866
222,190,510.0,792.0,730.0,1294.0,0.8119
223,175,1519.0,832.0,1699.0,1266.0,0.8102
223,253,0.0,667.0,340.0,1437.0,0.919
223,274,1433.0,842.0,1525.0,1100.0,0.5305
223,291,1196.0,786.0,1388.0,1285.0,0.8096
223,292,1687.0,786.0,1869.0,1224.0,0.8452
223,295,2208.0,1002.0,2300.0,1227.0,0.4685
223,298,2295.0,1033.0,2443.0,1355.0,0.6267
223,296,1105.0,786.0,1214.0,1162.0,0.7225
223,302,918.0,727.0,1133.0,1336.0,0.8365
223,307,2462.0,1091.0,2545.0,1377.0,0.7322
223,190,518.0,793.0,733.0,1290.0,0.7731
223,331,1959.0,927.0,2014.0,1059.0,0.3429
223,333,963.0,409.0,1045.0,626.0,0.3633
224,175,1519.0,831.0,1697.0,1262.0,0.844
224,253,0.0,669.0,323.0,1439.0,0.8023
224,274,1432.0,842.0,1525.0,1102.0,0.4759
224,291,1202.0,785.0,1393.0,1281.0,0.7927
224,292,1691.0,792.0,1872.0,1225.0,0.851
224,295,2203.0,999.0,2297.0,1228.0,0.4214
224,298,2288.0,1032.0,2437.0,1354.0,0.6903
224,296,1111.0,784.0,1222.0,1165.0,0.7538
224,302,933.0,724.0,1145.0,1336.0,0.8125
224,307,2456.0,1086.0,2541.0,1374.0,0.7573
224,190,529.0,793.0,743.0,1287.0,0.7693
224,331,1955.0,926.0,2011.0,1059.0,0.3102
224,333,963.0,409.0,1045.0,625.0,0.3455
225,175,1517.0,830.0,1693.0,1261.0,0.841
225,253,0.0,690.0,296.0,1436.0,0.5103
225,274,1435.0,842.0,1527.0,1102.0,0.5112
225,291,1212.0,786.0,1402.0,1278.0,0.8312
225,292,1692.0,793.0,1873.0,1222.0,0.862
225,295,2204.0,1000.0,2295.0,1223.0,0.4563
225,298,2283.0,1023.0,2437.0,1354.0,0.7173
225,296,1117.0,783.0,1231.0,1168.0,0.7683
225,302,947.0,724.0,1158.0,1333.0,0.8607
225,307,2446.0,1067.0,2538.0,1370.0,0.7534
225,190,536.0,794.0,751.0,1288.0,0.7791
225,331,1954.0,927.0,2009.0,1057.0,0.2756
225,333,963.0,410.0,1044.0,626.0,0.3078
225,337,675.0,842.0,843.0,1059.0,0.3532
226,175,1514.0,829.0,1689.0,1259.0,0.8159
226,253,0.0,676.0,275.0,1437.0,0.3407
226,274,1437.0,842.0,1528.0,1102.0,0.5112
226,291,1227.0,789.0,1415.0,1276.0,0.8032
226,292,1694.0,795.0,1877.0,1224.0,0.8604
226,295,2203.0,1001.0,2291.0,1218.0,0.5092
226,298,2277.0,1018.0,2432.0,1353.0,0.7024
226,296,1120.0,782.0,1235.0,1169.0,0.7214
226,302,965.0,733.0,1175.0,1332.0,0.9096
226,307,2443.0,1068.0,2536.0,1365.0,0.8064
226,190,543.0,796.0,759.0,1289.0,0.7864
227,175,1510.0,829.0,1682.0,1257.0,0.8054
227,253,0.0,683.0,252.0,1433.0,0.3527
227,274,1437.0,840.0,1529.0,1100.0,0.496
227,291,1241.0,790.0,1429.0,1274.0,0.844
227,292,1694.0,795.0,1879.0,1223.0,0.8735
227,295,2203.0,1002.0,2290.0,1217.0,0.4552
227,298,2269.0,1016.0,2429.0,1356.0,0.7252
227,296,1126.0,782.0,1239.0,1160.0,0.6727
227,302,982.0,742.0,1195.0,1332.0,0.8813
227,307,2440.0,1068.0,2533.0,1363.0,0.7932
227,190,547.0,802.0,762.0,1290.0,0.7153
228,175,1508.0,829.0,1679.0,1255.0,0.8236
228,274,1435.0,838.0,1527.0,1099.0,0.5338
228,291,1249.0,793.0,1436.0,1274.0,0.8191
228,292,1695.0,796.0,1878.0,1216.0,0.868
228,295,2205.0,1003.0,2284.0,1199.0,0.3417
228,298,2263.0,1014.0,2423.0,1354.0,0.7563
228,296,1133.0,784.0,1246.0,1157.0,0.6856
228,302,989.0,748.0,1206.0,1329.0,0.8797
228,307,2435.0,1066.0,2529.0,1359.0,0.7784
228,190,564.0,801.0,786.0,1290.0,0.7416
228,339,459.0,818.0,560.0,909.0,0.3604
229,175,1506.0,831.0,1676.0,1254.0,0.7961
229,274,1435.0,839.0,1528.0,1104.0,0.3435
229,291,1257.0,794.0,1444.0,1273.0,0.806
229,292,1698.0,797.0,1880.0,1210.0,0.8526
229,295,2206.0,1004.0,2281.0,1190.0,0.2875
229,298,2261.0,1016.0,2419.0,1353.0,0.7067
229,296,1139.0,783.0,1253.0,1155.0,0.6105
229,302,995.0,750.0,1219.0,1329.0,0.8489
229,307,2430.0,1067.0,2525.0,1354.0,0.7215
229,190,570.0,802.0,797.0,1288.0,0.8003
229,339,463.0,819.0,561.0,909.0,0.285
230,175,1509.0,834.0,1678.0,1254.0,0.785
230,274,1435.0,836.0,1529.0,1106.0,0.517
230,291,1262.0,795.0,1448.0,1271.0,0.7809
230,292,1698.0,794.0,1879.0,1204.0,0.862
230,295,2206.0,1002.0,2279.0,1186.0,0.3062
230,298,2255.0,1016.0,2413.0,1354.0,0.7166
230,296,1145.0,784.0,1260.0,1153.0,0.6098
230,302,997.0,752.0,1226.0,1327.0,0.8782
230,307,2425.0,1069.0,2521.0,1353.0,0.776
230,190,575.0,804.0,803.0,1283.0,0.782
230,339,466.0,819.0,563.0,908.0,0.2903
231,175,1511.0,835.0,1681.0,1252.0,0.7997
231,274,1435.0,835.0,1529.0,1107.0,0.4649
231,291,1268.0,793.0,1455.0,1271.0,0.7529
231,292,1698.0,794.0,1877.0,1197.0,0.868
231,295,2207.0,1003.0,2278.0,1183.0,0.3077
231,298,2244.0,1015.0,2402.0,1352.0,0.7037
231,296,1160.0,791.0,1274.0,1151.0,0.4185
231,302,995.0,752.0,1230.0,1327.0,0.8888
231,307,2421.0,1070.0,2519.0,1358.0,0.7862
231,190,580.0,803.0,811.0,1283.0,0.8402
232,175,1512.0,839.0,1680.0,1251.0,0.7569
232,291,1272.0,794.0,1458.0,1269.0,0.7662
232,292,1697.0,792.0,1878.0,1195.0,0.8782
232,298,2240.0,1014.0,2399.0,1350.0,0.6735
232,296,1166.0,793.0,1281.0,1155.0,0.4135
232,302,995.0,753.0,1236.0,1323.0,0.8936
232,307,2417.0,1074.0,2515.0,1360.0,0.7999
232,190,589.0,801.0,821.0,1281.0,0.85
232,341,102.0,925.0,168.0,1013.0,0.402
233,175,1509.0,842.0,1677.0,1249.0,0.7431
233,291,1276.0,797.0,1460.0,1266.0,0.7594
233,292,1697.0,792.0,1877.0,1190.0,0.8725
233,298,2240.0,1013.0,2397.0,1348.0,0.6851
233,296,1177.0,803.0,1289.0,1159.0,0.362
233,302,989.0,752.0,1234.0,1320.0,0.8898
233,307,2414.0,1072.0,2514.0,1361.0,0.8274
233,190,601.0,801.0,829.0,1278.0,0.8026
233,341,109.0,924.0,173.0,1011.0,0.3529
234,175,1510.0,846.0,1679.0,1249.0,0.5771
234,291,1280.0,797.0,1463.0,1264.0,0.8168
234,292,1697.0,791.0,1878.0,1189.0,0.8617
234,298,2235.0,1011.0,2393.0,1347.0,0.7417
234,296,1182.0,804.0,1290.0,1151.0,0.3971
234,302,983.0,752.0,1234.0,1321.0,0.8885
234,307,2410.0,1065.0,2513.0,1358.0,0.8092
234,190,615.0,797.0,840.0,1275.0,0.7714
234,341,111.0,921.0,177.0,1010.0,0.4207
235,175,1491.0,843.0,1662.0,1249.0,0.6678
235,291,1287.0,798.0,1470.0,1260.0,0.8257
235,292,1694.0,788.0,1876.0,1191.0,0.8564
235,298,2230.0,1013.0,2387.0,1346.0,0.7272
235,296,1191.0,802.0,1300.0,1154.0,0.5279
235,302,979.0,753.0,1235.0,1321.0,0.8628
235,307,2407.0,1067.0,2510.0,1355.0,0.7935
235,190,627.0,795.0,848.0,1271.0,0.7866
235,341,111.0,919.0,177.0,1007.0,0.412
235,346,1600.0,844.0,1709.0,1227.0,0.3724
236,175,1481.0,841.0,1652.0,1247.0,0.7224
236,291,1285.0,798.0,1470.0,1259.0,0.8388
236,292,1689.0,789.0,1871.0,1193.0,0.8459
236,298,2227.0,1014.0,2383.0,1345.0,0.742
236,296,1197.0,802.0,1305.0,1156.0,0.4168
236,302,989.0,750.0,1245.0,1319.0,0.8231
236,307,2405.0,1067.0,2508.0,1352.0,0.8052
236,190,637.0,797.0,854.0,1274.0,0.7866
236,341,113.0,916.0,182.0,1008.0,0.448
236,346,1603.0,845.0,1707.0,1212.0,0.3383
237,175,1478.0,838.0,1647.0,1242.0,0.7458
237,291,1288.0,797.0,1476.0,1261.0,0.8407
237,292,1684.0,788.0,1865.0,1193.0,0.8417
237,298,2223.0,1011.0,2379.0,1344.0,0.7524
237,296,1201.0,797.0,1306.0,1147.0,0.4739
237,302,999.0,749.0,1255.0,1312.0,0.8256
237,307,2402.0,1067.0,2506.0,1349.0,0.8048
237,190,642.0,795.0,857.0,1275.0,0.8124
237,341,117.0,915.0,184.0,1005.0,0.4068
237,346,1604.0,845.0,1706.0,1203.0,0.4013
237,349,551.0,832.0,622.0,966.0,0.4386
238,175,1477.0,837.0,1642.0,1235.0,0.7944
238,291,1292.0,795.0,1481.0,1259.0,0.8249
238,292,1684.0,791.0,1862.0,1191.0,0.8283
238,298,2217.0,1007.0,2375.0,1341.0,0.6953
238,302,1025.0,747.0,1275.0,1303.0,0.6958
238,307,2400.0,1068.0,2504.0,1349.0,0.7721
238,190,653.0,799.0,862.0,1273.0,0.7936
238,341,121.0,915.0,186.0,1002.0,0.2627
238,346,1603.0,846.0,1697.0,1174.0,0.2637
238,349,556.0,830.0,628.0,964.0,0.4896
239,175,1475.0,836.0,1638.0,1229.0,0.8348
239,291,1294.0,792.0,1484.0,1257.0,0.8204
239,292,1684.0,793.0,1859.0,1190.0,0.832
239,298,2212.0,1007.0,2369.0,1340.0,0.7364
239,302,1046.0,745.0,1293.0,1300.0,0.8027
239,307,2396.0,1069.0,2500.0,1349.0,0.767
239,190,659.0,802.0,866.0,1278.0,0.775
239,341,127.0,915.0,190.0,999.0,0.4683
239,346,1603.0,845.0,1699.0,1181.0,0.5562
239,349,563.0,829.0,635.0,962.0,0.491
240,175,1476.0,836.0,1635.0,1225.0,0.8336
240,291,1301.0,792.0,1490.0,1254.0,0.7635
240,292,1684.0,799.0,1855.0,1187.0,0.822
240,298,2210.0,1007.0,2366.0,1340.0,0.715
240,302,1069.0,744.0,1313.0,1300.0,0.8488
240,307,2394.0,1072.0,2499.0,1351.0,0.7442
240,190,659.0,805.0,867.0,1283.0,0.7571
240,346,1604.0,847.0,1700.0,1183.0,0.5592
240,349,567.0,827.0,642.0,964.0,0.4591
240,354,1065.0,833.0,1145.0,1124.0,0.3559
240,355,495.0,814.0,573.0,967.0,0.409
241,175,1475.0,837.0,1632.0,1225.0,0.7428
241,291,1315.0,804.0,1498.0,1254.0,0.6817
241,292,1685.0,803.0,1853.0,1186.0,0.792
241,298,2207.0,1005.0,2364.0,1341.0,0.7649
241,302,1093.0,741.0,1334.0,1297.0,0.8433
241,307,2390.0,1075.0,2493.0,1348.0,0.7254
241,190,666.0,808.0,871.0,1281.0,0.7536
241,346,1603.0,848.0,1699.0,1184.0,0.5946
241,349,572.0,825.0,651.0,968.0,0.4783
241,354,1069.0,848.0,1145.0,1124.0,0.4786
241,355,499.0,817.0,577.0,969.0,0.3938
241,341,130.0,909.0,196.0,996.0,0.3488
242,175,1477.0,837.0,1633.0,1224.0,0.7287
242,291,1320.0,802.0,1500.0,1250.0,0.6847
242,292,1682.0,805.0,1849.0,1186.0,0.8078
242,298,2207.0,1003.0,2363.0,1340.0,0.7645
242,302,1115.0,740.0,1354.0,1300.0,0.833
242,307,2385.0,1078.0,2487.0,1346.0,0.7582
242,190,672.0,808.0,875.0,1278.0,0.746
242,346,1601.0,847.0,1698.0,1182.0,0.5681
242,349,578.0,823.0,658.0,968.0,0.473
242,354,1074.0,831.0,1156.0,1128.0,0.5938
242,355,504.0,819.0,581.0,970.0,0.3592
242,341,125.0,903.0,197.0,998.0,0.3564
243,175,1478.0,838.0,1633.0,1225.0,0.7331
243,291,1322.0,795.0,1502.0,1245.0,0.7921
243,292,1681.0,807.0,1848.0,1189.0,0.7988
243,298,2206.0,1003.0,2361.0,1339.0,0.7567
243,302,1136.0,740.0,1375.0,1302.0,0.8213
243,307,2381.0,1079.0,2483.0,1346.0,0.7507
243,190,673.0,809.0,876.0,1276.0,0.662
243,346,1601.0,847.0,1698.0,1182.0,0.7082
243,349,582.0,822.0,664.0,969.0,0.3993
243,354,1081.0,828.0,1164.0,1130.0,0.5216
243,355,512.0,819.0,588.0,970.0,0.3112
243,341,129.0,896.0,204.0,996.0,0.44
243,362,3.0,579.0,238.0,1426.0,0.7074
244,175,1478.0,837.0,1632.0,1226.0,0.7228
244,291,1335.0,810.0,1506.0,1240.0,0.7304
244,292,1680.0,807.0,1846.0,1190.0,0.7864
244,298,2203.0,1004.0,2355.0,1334.0,0.7441
244,302,1151.0,742.0,1390.0,1303.0,0.7688
244,307,2379.0,1081.0,2477.0,1336.0,0.7703
244,346,1599.0,843.0,1696.0,1176.0,0.6404
244,349,588.0,819.0,665.0,955.0,0.3241
244,354,1083.0,825.0,1167.0,1132.0,0.6639
244,355,525.0,817.0,587.0,940.0,0.412
244,341,135.0,893.0,211.0,996.0,0.3286
244,362,12.0,572.0,250.0,1426.0,0.7664
244,337,673.0,816.0,863.0,1052.0,0.4762
245,175,1479.0,838.0,1630.0,1224.0,0.6766
245,291,1329.0,800.0,1505.0,1242.0,0.7547
245,292,1681.0,808.0,1844.0,1187.0,0.7665
245,298,2199.0,1001.0,2350.0,1328.0,0.7133
245,302,1161.0,739.0,1400.0,1303.0,0.8049
245,307,2377.0,1078.0,2473.0,1327.0,0.7589
245,346,1599.0,845.0,1696.0,1172.0,0.7011
245,354,1088.0,825.0,1172.0,1130.0,0.6891
245,355,533.0,816.0,587.0,921.0,0.4009
245,362,30.0,569.0,271.0,1426.0,0.7806
245,337,714.0,812.0,893.0,1046.0,0.4263
246,175,1480.0,838.0,1629.0,1221.0,0.7158
246,291,1332.0,800.0,1509.0,1240.0,0.6916
246,292,1679.0,809.0,1842.0,1187.0,0.7724
246,298,2198.0,1001.0,2347.0,1322.0,0.6838
246,302,1163.0,739.0,1398.0,1297.0,0.7861
246,307,2371.0,1075.0,2469.0,1326.0,0.6521
246,346,1599.0,844.0,1697.0,1170.0,0.737
246,354,1091.0,823.0,1176.0,1127.0,0.6672
246,362,41.0,567.0,286.0,1426.0,0.859
246,337,735.0,819.0,901.0,1042.0,0.4326
246,368,903.0,836.0,995.0,1122.0,0.479
246,349,605.0,822.0,682.0,957.0,0.4621
247,175,1480.0,839.0,1626.0,1220.0,0.655
247,291,1343.0,801.0,1518.0,1238.0,0.6656
247,292,1680.0,809.0,1841.0,1184.0,0.7774
247,298,2200.0,1000.0,2344.0,1309.0,0.626
247,302,1166.0,742.0,1398.0,1295.0,0.785
247,307,2367.0,1077.0,2465.0,1326.0,0.7056
247,346,1597.0,843.0,1696.0,1169.0,0.7363
247,354,1095.0,822.0,1181.0,1130.0,0.7158
247,362,13.0,570.0,257.0,1426.0,0.6446
247,337,724.0,816.0,898.0,1049.0,0.449
247,368,907.0,838.0,999.0,1126.0,0.367
248,175,1480.0,842.0,1623.0,1217.0,0.5873
248,291,1359.0,813.0,1529.0,1237.0,0.6398
248,292,1681.0,808.0,1840.0,1179.0,0.792
248,298,2197.0,996.0,2342.0,1307.0,0.6868
248,302,1182.0,744.0,1413.0,1292.0,0.8438
248,307,2362.0,1076.0,2461.0,1325.0,0.7815
248,346,1597.0,843.0,1697.0,1168.0,0.7539
248,354,1099.0,822.0,1186.0,1129.0,0.664
248,362,46.0,571.0,297.0,1427.0,0.8837
248,337,705.0,813.0,888.0,1050.0,0.4618
248,368,915.0,842.0,1006.0,1124.0,0.4239
249,175,1480.0,841.0,1619.0,1211.0,0.4315
249,291,1363.0,807.0,1536.0,1235.0,0.6745
249,292,1681.0,806.0,1839.0,1173.0,0.7763
249,298,2191.0,994.0,2337.0,1307.0,0.7524
249,302,1184.0,745.0,1416.0,1294.0,0.8229
249,307,2359.0,1073.0,2459.0,1325.0,0.795
249,346,1596.0,844.0,1696.0,1166.0,0.5607
249,354,1104.0,824.0,1191.0,1127.0,0.6748
249,362,38.0,573.0,292.0,1426.0,0.7587
249,337,692.0,811.0,889.0,1055.0,0.4602
249,368,923.0,840.0,1014.0,1124.0,0.5837
250,175,1482.0,838.0,1621.0,1211.0,0.2712
250,291,1369.0,814.0,1540.0,1233.0,0.6689
250,292,1680.0,804.0,1838.0,1172.0,0.7739
250,298,2192.0,995.0,2335.0,1302.0,0.7204
250,302,1191.0,749.0,1424.0,1295.0,0.8281
250,307,2356.0,1076.0,2455.0,1324.0,0.7986
250,346,1596.0,844.0,1697.0,1165.0,0.6161
250,354,1111.0,826.0,1198.0,1125.0,0.648
250,362,71.0,576.0,336.0,1427.0,0.8625
250,368,929.0,837.0,1021.0,1124.0,0.5975
250,190,688.0,814.0,917.0,1309.0,0.3924
251,175,1490.0,839.0,1622.0,1200.0,0.3472
251,291,1373.0,813.0,1546.0,1236.0,0.635
251,292,1680.0,804.0,1837.0,1169.0,0.7974
251,298,2187.0,994.0,2331.0,1307.0,0.6906
251,302,1191.0,750.0,1425.0,1296.0,0.839
251,307,2353.0,1077.0,2452.0,1322.0,0.7856
251,346,1596.0,844.0,1696.0,1162.0,0.5663
251,354,1115.0,826.0,1205.0,1128.0,0.5937
251,362,83.0,581.0,358.0,1426.0,0.8833
251,368,934.0,837.0,1027.0,1125.0,0.3492
252,175,1492.0,839.0,1621.0,1195.0,0.291
252,291,1376.0,812.0,1549.0,1234.0,0.4773
252,292,1680.0,803.0,1837.0,1171.0,0.7924
252,298,2184.0,993.0,2330.0,1308.0,0.7703
252,302,1193.0,751.0,1426.0,1292.0,0.8012
252,307,2350.0,1078.0,2448.0,1319.0,0.73
252,346,1594.0,844.0,1696.0,1164.0,0.5464
252,354,1119.0,823.0,1211.0,1129.0,0.6021
252,362,92.0,586.0,381.0,1426.0,0.8983
252,368,941.0,836.0,1036.0,1131.0,0.302
253,291,1384.0,814.0,1558.0,1235.0,0.7351
253,292,1679.0,801.0,1837.0,1170.0,0.8084
253,298,2181.0,992.0,2325.0,1305.0,0.7696
253,302,1192.0,752.0,1424.0,1296.0,0.8326
253,307,2346.0,1077.0,2444.0,1315.0,0.694
253,346,1592.0,844.0,1694.0,1164.0,0.5458
253,354,1124.0,822.0,1218.0,1130.0,0.6076
253,362,88.0,593.0,388.0,1426.0,0.9036
253,368,949.0,834.0,1046.0,1134.0,0.3287
254,291,1391.0,811.0,1565.0,1231.0,0.6556
254,292,1681.0,800.0,1837.0,1167.0,0.8243
254,298,2178.0,992.0,2322.0,1305.0,0.7431
254,302,1197.0,752.0,1425.0,1292.0,0.8587
254,307,2341.0,1077.0,2442.0,1317.0,0.677
254,346,1593.0,844.0,1696.0,1165.0,0.57
254,354,1128.0,820.0,1225.0,1133.0,0.6677
254,362,77.0,603.0,386.0,1426.0,0.8483
254,175,1495.0,842.0,1617.0,1190.0,0.2936
255,291,1393.0,810.0,1568.0,1229.0,0.5627
255,292,1683.0,801.0,1836.0,1161.0,0.8202
255,298,2178.0,994.0,2318.0,1299.0,0.7303
255,302,1207.0,754.0,1430.0,1290.0,0.8607
255,307,2339.0,1074.0,2443.0,1318.0,0.7397
255,346,1595.0,843.0,1699.0,1167.0,0.5011
255,354,1131.0,818.0,1230.0,1133.0,0.7082
255,362,93.0,610.0,415.0,1426.0,0.856
255,175,1492.0,840.0,1614.0,1193.0,0.2898
255,368,947.0,833.0,1053.0,1167.0,0.3889
256,291,1408.0,820.0,1578.0,1228.0,0.4299
256,292,1684.0,803.0,1835.0,1160.0,0.8087
256,298,2175.0,993.0,2316.0,1300.0,0.7713
256,302,1214.0,754.0,1431.0,1288.0,0.8368
256,307,2337.0,1074.0,2444.0,1320.0,0.7608
256,346,1597.0,842.0,1700.0,1163.0,0.4085
256,354,1129.0,816.0,1230.0,1132.0,0.7022
256,362,114.0,617.0,449.0,1426.0,0.861
256,175,1484.0,837.0,1608.0,1204.0,0.3316
257,291,1415.0,822.0,1583.0,1224.0,0.424
257,292,1687.0,808.0,1834.0,1158.0,0.8384
257,298,2171.0,993.0,2310.0,1296.0,0.7577
257,302,1222.0,755.0,1430.0,1276.0,0.805
257,307,2334.0,1075.0,2443.0,1320.0,0.7201
257,346,1598.0,841.0,1700.0,1163.0,0.5271
257,354,1133.0,815.0,1231.0,1118.0,0.7307
257,362,147.0,622.0,495.0,1428.0,0.8677
257,386,840.0,806.0,1043.0,1213.0,0.3814
257,387,1396.0,805.0,1506.0,1219.0,0.3742
257,388,1054.0,828.0,1130.0,1081.0,0.4572
258,291,1412.0,810.0,1584.0,1223.0,0.549
258,292,1687.0,807.0,1835.0,1157.0,0.8085
258,298,2168.0,993.0,2307.0,1299.0,0.7305
258,302,1230.0,755.0,1432.0,1271.0,0.7968
258,307,2328.0,1073.0,2438.0,1318.0,0.7638
258,346,1601.0,843.0,1703.0,1162.0,0.4296
258,354,1136.0,817.0,1233.0,1115.0,0.6783
258,362,179.0,625.0,535.0,1428.0,0.7968
258,388,1054.0,829.0,1130.0,1082.0,0.4141
259,291,1420.0,828.0,1583.0,1221.0,0.6233
259,292,1690.0,811.0,1836.0,1158.0,0.8377
259,298,2166.0,994.0,2305.0,1300.0,0.712
259,302,1243.0,756.0,1440.0,1269.0,0.769
259,307,2323.0,1073.0,2436.0,1318.0,0.8254
259,346,1601.0,842.0,1703.0,1162.0,0.4278
259,354,1139.0,818.0,1236.0,1113.0,0.64
259,362,205.0,626.0,567.0,1428.0,0.848
259,388,1053.0,828.0,1130.0,1082.0,0.4333
259,386,843.0,811.0,1059.0,1246.0,0.5671
259,387,1400.0,794.0,1514.0,1227.0,0.3003
260,291,1420.0,826.0,1582.0,1224.0,0.6121
260,292,1692.0,814.0,1837.0,1160.0,0.8511
260,298,2162.0,996.0,2298.0,1295.0,0.6876
260,302,1255.0,756.0,1447.0,1268.0,0.7748
260,307,2319.0,1067.0,2435.0,1315.0,0.7843
260,346,1601.0,845.0,1702.0,1161.0,0.4911
260,354,1140.0,824.0,1237.0,1121.0,0.5982
260,362,245.0,630.0,611.0,1429.0,0.8268
260,388,1052.0,830.0,1131.0,1092.0,0.4456
260,386,855.0,814.0,1074.0,1259.0,0.5397
261,291,1429.0,834.0,1584.0,1221.0,0.5467
261,292,1693.0,815.0,1838.0,1161.0,0.8448
261,298,2158.0,995.0,2293.0,1294.0,0.719
261,302,1270.0,759.0,1459.0,1267.0,0.746
261,307,2315.0,1063.0,2431.0,1311.0,0.7062
261,346,1602.0,838.0,1704.0,1158.0,0.5849
261,354,1144.0,822.0,1238.0,1106.0,0.5494
261,362,291.0,630.0,663.0,1430.0,0.7451
261,388,1053.0,832.0,1134.0,1100.0,0.373
261,386,856.0,812.0,1079.0,1269.0,0.6637
261,349,695.0,822.0,774.0,965.0,0.2904
261,387,1409.0,788.0,1527.0,1236.0,0.2818
262,291,1432.0,839.0,1583.0,1219.0,0.5708
262,292,1694.0,816.0,1837.0,1160.0,0.8485
262,298,2154.0,993.0,2288.0,1288.0,0.7246
262,302,1287.0,758.0,1475.0,1265.0,0.7595
262,307,2311.0,1061.0,2427.0,1308.0,0.8022
262,346,1601.0,842.0,1701.0,1151.0,0.5443
262,354,1152.0,819.0,1254.0,1119.0,0.6107
262,362,348.0,630.0,731.0,1428.0,0.8391
262,386,865.0,817.0,1084.0,1272.0,0.6842
262,394,1561.0,861.0,1622.0,1094.0,0.3653
263,291,1435.0,830.0,1586.0,1214.0,0.5643
263,292,1693.0,816.0,1837.0,1159.0,0.8603
263,298,2151.0,996.0,2281.0,1281.0,0.7272
263,302,1300.0,761.0,1488.0,1266.0,0.7546
263,307,2305.0,1059.0,2420.0,1306.0,0.768
263,346,1601.0,842.0,1698.0,1145.0,0.5339
263,354,1155.0,819.0,1259.0,1117.0,0.6684
263,362,377.0,630.0,769.0,1431.0,0.879
263,386,869.0,809.0,1089.0,1270.0,0.6424
263,394,1562.0,863.0,1622.0,1093.0,0.3779
263,388,1032.0,829.0,1122.0,1127.0,0.3462
264,291,1434.0,819.0,1591.0,1226.0,0.5317
264,292,1694.0,815.0,1837.0,1158.0,0.8591
264,298,2145.0,1001.0,2272.0,1278.0,0.7967
264,302,1295.0,762.0,1482.0,1266.0,0.7607
264,307,2300.0,1057.0,2413.0,1303.0,0.7309
264,346,1601.0,843.0,1697.0,1144.0,0.5483
264,354,1155.0,818.0,1260.0,1114.0,0.6081
264,362,387.0,629.0,782.0,1432.0,0.863
264,386,878.0,807.0,1096.0,1269.0,0.6371
264,394,1564.0,865.0,1623.0,1089.0,0.4033
264,388,1031.0,825.0,1124.0,1131.0,0.4246
265,291,1440.0,819.0,1592.0,1222.0,0.5791
265,292,1695.0,815.0,1836.0,1155.0,0.8427
265,298,2140.0,998.0,2269.0,1277.0,0.718
265,302,1312.0,763.0,1502.0,1264.0,0.6973
265,307,2294.0,1056.0,2406.0,1301.0,0.7257
265,346,1602.0,842.0,1698.0,1141.0,0.5639
265,354,1160.0,823.0,1265.0,1114.0,0.6879
265,362,406.0,627.0,802.0,1432.0,0.86
265,386,884.0,799.0,1099.0,1267.0,0.6303
265,394,1566.0,867.0,1624.0,1085.0,0.3923
265,388,1035.0,828.0,1125.0,1124.0,0.4024
266,292,1696.0,812.0,1836.0,1150.0,0.8281
266,298,2135.0,995.0,2265.0,1277.0,0.7835
266,302,1323.0,766.0,1516.0,1262.0,0.731
266,307,2288.0,1057.0,2397.0,1301.0,0.7798
266,346,1603.0,842.0,1698.0,1139.0,0.5077
266,354,1159.0,825.0,1266.0,1120.0,0.716
266,362,421.0,627.0,817.0,1432.0,0.8785
266,386,892.0,799.0,1102.0,1266.0,0.6203
266,394,1568.0,871.0,1624.0,1084.0,0.3319
266,388,1040.0,828.0,1129.0,1122.0,0.3721
266,175,1454.0,822.0,1581.0,1204.0,0.595
267,292,1696.0,811.0,1836.0,1147.0,0.8382
267,298,2130.0,992.0,2262.0,1278.0,0.7995
267,302,1328.0,766.0,1523.0,1263.0,0.8242
267,307,2283.0,1057.0,2392.0,1301.0,0.7408
267,346,1603.0,843.0,1697.0,1136.0,0.5966
267,354,1154.0,823.0,1264.0,1123.0,0.6523
267,362,438.0,623.0,832.0,1433.0,0.888
267,386,900.0,796.0,1107.0,1266.0,0.5955
267,394,1568.0,873.0,1625.0,1085.0,0.3659
267,388,1042.0,825.0,1133.0,1128.0,0.4167
267,175,1454.0,819.0,1580.0,1199.0,0.6483
268,292,1697.0,809.0,1836.0,1143.0,0.8536
268,298,2125.0,991.0,2258.0,1276.0,0.8134
268,302,1325.0,769.0,1520.0,1262.0,0.7711
268,307,2281.0,1056.0,2390.0,1301.0,0.7631
268,346,1604.0,843.0,1699.0,1136.0,0.6347
268,354,1159.0,829.0,1267.0,1122.0,0.7239
268,362,458.0,625.0,850.0,1433.0,0.8585
268,386,910.0,794.0,1112.0,1267.0,0.6359
268,388,1051.0,827.0,1139.0,1122.0,0.3132
268,175,1454.0,815.0,1581.0,1201.0,0.6263
269,292,1698.0,810.0,1837.0,1142.0,0.8384
269,298,2121.0,983.0,2259.0,1279.0,0.8094
269,302,1326.0,770.0,1521.0,1262.0,0.8248
269,307,2279.0,1055.0,2387.0,1301.0,0.7996
269,346,1607.0,844.0,1699.0,1133.0,0.5488
269,354,1164.0,830.0,1272.0,1123.0,0.717
269,362,487.0,628.0,874.0,1432.0,0.876
269,386,916.0,792.0,1114.0,1266.0,0.7172
269,388,1056.0,827.0,1145.0,1122.0,0.3762
269,175,1456.0,811.0,1584.0,1201.0,0.6156
269,397,1118.0,814.0,1187.0,1093.0,0.4114
269,398,1290.0,859.0,1354.0,1071.0,0.3686
270,292,1696.0,810.0,1836.0,1144.0,0.8431
270,298,2117.0,983.0,2256.0,1280.0,0.7652
270,302,1328.0,769.0,1525.0,1261.0,0.8034
270,307,2278.0,1055.0,2383.0,1297.0,0.7846
270,346,1607.0,842.0,1699.0,1131.0,0.5207
270,354,1173.0,830.0,1281.0,1122.0,0.7888
270,362,516.0,632.0,897.0,1432.0,0.8574
270,386,932.0,792.0,1128.0,1266.0,0.6336
270,175,1459.0,810.0,1588.0,1213.0,0.5829
270,397,1121.0,814.0,1186.0,1073.0,0.4027
270,398,1288.0,859.0,1352.0,1072.0,0.3767
271,292,1696.0,809.0,1835.0,1143.0,0.8193
271,298,2115.0,990.0,2251.0,1280.0,0.7401
271,302,1333.0,766.0,1529.0,1259.0,0.8144
271,307,2278.0,1056.0,2380.0,1291.0,0.7465
271,346,1607.0,844.0,1698.0,1131.0,0.4704
271,354,1178.0,830.0,1289.0,1123.0,0.8091
271,362,537.0,637.0,914.0,1432.0,0.8745
271,386,945.0,791.0,1136.0,1262.0,0.7337
271,175,1463.0,812.0,1591.0,1217.0,0.4458
271,397,1122.0,815.0,1188.0,1080.0,0.36
271,398,1288.0,859.0,1352.0,1074.0,0.3523
272,292,1696.0,808.0,1835.0,1141.0,0.8206
272,298,2113.0,988.0,2250.0,1279.0,0.7442
272,302,1337.0,765.0,1534.0,1260.0,0.8644
272,307,2275.0,1057.0,2377.0,1291.0,0.7169
272,346,1606.0,845.0,1696.0,1126.0,0.4728
272,354,1183.0,830.0,1295.0,1121.0,0.7751
272,362,558.0,640.0,932.0,1434.0,0.8589
272,386,956.0,791.0,1144.0,1261.0,0.7252
272,175,1477.0,821.0,1597.0,1212.0,0.4022
272,397,1123.0,813.0,1194.0,1096.0,0.3404
272,398,1285.0,859.0,1351.0,1077.0,0.4482
273,292,1695.0,808.0,1834.0,1141.0,0.817
273,298,2110.0,988.0,2247.0,1277.0,0.7744
273,302,1342.0,765.0,1536.0,1254.0,0.8327
273,307,2271.0,1054.0,2373.0,1289.0,0.725
273,346,1606.0,843.0,1695.0,1122.0,0.4594
273,354,1182.0,831.0,1293.0,1117.0,0.6245
273,362,590.0,645.0,960.0,1432.0,0.8722
273,386,962.0,791.0,1147.0,1262.0,0.7272
273,175,1479.0,817.0,1596.0,1203.0,0.5067
273,398,1284.0,859.0,1350.0,1077.0,0.4167
274,292,1695.0,807.0,1832.0,1139.0,0.8241
274,298,2107.0,986.0,2246.0,1277.0,0.7789
274,302,1353.0,764.0,1544.0,1247.0,0.8338
274,307,2264.0,1046.0,2370.0,1291.0,0.7439
274,346,1605.0,844.0,1695.0,1124.0,0.408
274,354,1186.0,832.0,1293.0,1107.0,0.6707
274,362,608.0,648.0,977.0,1434.0,0.8707
274,386,966.0,790.0,1150.0,1261.0,0.6735
274,175,1484.0,808.0,1597.0,1187.0,0.4968
274,398,1282.0,858.0,1350.0,1079.0,0.4475
275,292,1694.0,807.0,1831.0,1139.0,0.8285
275,298,2104.0,985.0,2244.0,1276.0,0.7649
275,302,1365.0,763.0,1553.0,1245.0,0.8195
275,307,2262.0,1044.0,2367.0,1287.0,0.7283
275,346,1604.0,842.0,1694.0,1123.0,0.3968
275,354,1186.0,832.0,1292.0,1104.0,0.6689
275,362,637.0,655.0,1003.0,1434.0,0.8542
275,386,977.0,793.0,1161.0,1261.0,0.7055
275,175,1503.0,809.0,1597.0,1121.0,0.3754
275,398,1281.0,859.0,1351.0,1080.0,0.5558
276,292,1694.0,810.0,1830.0,1138.0,0.8211
276,298,2101.0,986.0,2240.0,1276.0,0.7422
276,302,1382.0,764.0,1568.0,1241.0,0.7773
276,307,2258.0,1042.0,2364.0,1288.0,0.7263
276,346,1603.0,839.0,1695.0,1124.0,0.5479
276,354,1190.0,831.0,1295.0,1102.0,0.6967
276,362,661.0,661.0,1023.0,1433.0,0.8536
276,386,989.0,800.0,1169.0,1258.0,0.6867
276,175,1506.0,804.0,1593.0,1090.0,0.3064
276,398,1282.0,859.0,1353.0,1082.0,0.6327
277,292,1694.0,812.0,1829.0,1138.0,0.8202
277,298,2099.0,990.0,2235.0,1271.0,0.7725
277,302,1395.0,763.0,1580.0,1239.0,0.8105
277,307,2254.0,1042.0,2360.0,1290.0,0.7065
277,346,1603.0,839.0,1696.0,1125.0,0.6077
277,354,1195.0,834.0,1298.0,1101.0,0.6424
277,362,687.0,665.0,1049.0,1434.0,0.8475
277,386,1002.0,800.0,1180.0,1254.0,0.7288
277,398,1282.0,860.0,1354.0,1085.0,0.5253
278,292,1694.0,812.0,1829.0,1139.0,0.7971
278,298,2097.0,991.0,2234.0,1271.0,0.7919
278,302,1405.0,765.0,1591.0,1240.0,0.7944
278,307,2253.0,1045.0,2354.0,1283.0,0.7556
278,346,1604.0,842.0,1698.0,1126.0,0.6099
278,354,1199.0,830.0,1306.0,1110.0,0.6442
278,362,713.0,662.0,1076.0,1435.0,0.8106
278,386,1031.0,800.0,1204.0,1241.0,0.8096
278,398,1286.0,860.0,1357.0,1077.0,0.4934
279,292,1693.0,813.0,1827.0,1138.0,0.8117
279,298,2098.0,993.0,2232.0,1266.0,0.8096
279,302,1415.0,767.0,1603.0,1242.0,0.7999
279,307,2251.0,1044.0,2351.0,1278.0,0.7157
279,346,1601.0,842.0,1696.0,1123.0,0.6664
279,354,1200.0,829.0,1310.0,1117.0,0.5963
279,362,746.0,659.0,1110.0,1435.0,0.8428
279,386,1051.0,802.0,1220.0,1235.0,0.7535
279,398,1288.0,861.0,1357.0,1074.0,0.5122
280,292,1692.0,813.0,1826.0,1138.0,0.8093
280,298,2094.0,994.0,2228.0,1265.0,0.8082
280,302,1421.0,768.0,1611.0,1244.0,0.7768
280,307,2249.0,1043.0,2347.0,1275.0,0.7257
280,346,1599.0,840.0,1694.0,1123.0,0.6816
280,354,1206.0,828.0,1313.0,1111.0,0.537
280,362,774.0,657.0,1137.0,1433.0,0.8224
280,386,1068.0,806.0,1234.0,1233.0,0.5885
280,398,1288.0,862.0,1357.0,1074.0,0.4806
280,405,1359.0,790.0,1447.0,1138.0,0.5101
281,292,1692.0,813.0,1825.0,1139.0,0.8269
281,298,2093.0,994.0,2226.0,1263.0,0.7881
281,302,1427.0,768.0,1618.0,1243.0,0.8312
281,307,2246.0,1046.0,2343.0,1273.0,0.753
281,346,1598.0,837.0,1695.0,1121.0,0.6206
281,354,1211.0,829.0,1316.0,1110.0,0.5687
281,362,801.0,655.0,1162.0,1433.0,0.8133
281,386,1080.0,806.0,1246.0,1238.0,0.6837
281,398,1296.0,862.0,1364.0,1070.0,0.3267
281,405,1362.0,787.0,1449.0,1133.0,0.3888
282,292,1691.0,813.0,1825.0,1139.0,0.8265
282,298,2093.0,992.0,2226.0,1261.0,0.7787
282,302,1431.0,769.0,1623.0,1242.0,0.8505
282,307,2241.0,1046.0,2336.0,1272.0,0.7215
282,346,1597.0,836.0,1695.0,1119.0,0.6237
282,354,1217.0,828.0,1321.0,1107.0,0.6084
282,362,824.0,653.0,1183.0,1434.0,0.8671
282,386,1096.0,807.0,1259.0,1242.0,0.4989
282,405,1363.0,786.0,1450.0,1125.0,0.5092
283,292,1690.0,813.0,1822.0,1137.0,0.823
283,298,2091.0,989.0,2223.0,1259.0,0.7717
283,302,1436.0,769.0,1630.0,1242.0,0.8457
283,307,2238.0,1046.0,2331.0,1271.0,0.6746
283,346,1601.0,843.0,1698.0,1123.0,0.4496
283,354,1221.0,828.0,1326.0,1110.0,0.6493
283,362,848.0,650.0,1204.0,1433.0,0.8333
283,386,1107.0,806.0,1267.0,1246.0,0.5343
283,405,1370.0,787.0,1457.0,1127.0,0.589
283,411,738.0,792.0,884.0,1301.0,0.3815
284,292,1690.0,812.0,1822.0,1136.0,0.8379
284,298,2090.0,991.0,2219.0,1257.0,0.7398
284,302,1439.0,769.0,1636.0,1242.0,0.8423
284,307,2236.0,1044.0,2330.0,1272.0,0.6975
284,346,1602.0,846.0,1698.0,1123.0,0.3568
284,354,1226.0,830.0,1327.0,1105.0,0.5867
284,362,870.0,649.0,1221.0,1433.0,0.8877
284,386,1116.0,806.0,1270.0,1244.0,0.5985
284,405,1376.0,791.0,1459.0,1111.0,0.5233
284,413,245.0,818.0,352.0,1051.0,0.3687
284,415,96.0,909.0,202.0,1007.0,0.4765
284,398,1306.0,863.0,1367.0,1049.0,0.2917
285,292,1690.0,812.0,1821.0,1134.0,0.8477
285,298,2089.0,992.0,2215.0,1256.0,0.7695
285,302,1441.0,769.0,1639.0,1240.0,0.8428
285,307,2232.0,1046.0,2324.0,1269.0,0.6681
285,354,1229.0,827.0,1331.0,1108.0,0.652
285,362,890.0,650.0,1235.0,1433.0,0.8524
285,386,1128.0,802.0,1275.0,1240.0,0.4691
285,405,1381.0,790.0,1461.0,1098.0,0.4514
285,413,245.0,815.0,354.0,1052.0,0.4617
285,415,101.0,910.0,201.0,1002.0,0.4664
285,398,1312.0,864.0,1367.0,1032.0,0.2765
286,292,1690.0,811.0,1820.0,1132.0,0.8452
286,298,2088.0,990.0,2213.0,1253.0,0.7882
286,302,1446.0,770.0,1643.0,1240.0,0.841
286,307,2226.0,1038.0,2320.0,1267.0,0.7052
286,354,1235.0,831.0,1333.0,1099.0,0.447
286,362,912.0,653.0,1250.0,1431.0,0.8292
286,413,249.0,813.0,358.0,1049.0,0.2861
286,415,109.0,909.0,201.0,994.0,0.4754
286,346,1606.0,853.0,1700.0,1122.0,0.2545
287,292,1689.0,812.0,1818.0,1128.0,0.8199
287,298,2090.0,991.0,2212.0,1249.0,0.7566
287,302,1450.0,770.0,1647.0,1237.0,0.8324
287,307,2223.0,1038.0,2316.0,1265.0,0.6908
287,354,1240.0,829.0,1336.0,1094.0,0.5699
287,362,930.0,656.0,1263.0,1430.0,0.8599
287,415,112.0,910.0,202.0,994.0,0.4704
287,417,422.0,840.0,512.0,964.0,0.3503
287,346,1609.0,854.0,1703.0,1122.0,0.3354
287,405,1391.0,795.0,1469.0,1088.0,0.3038
288,292,1688.0,811.0,1817.0,1126.0,0.8455
288,298,2088.0,988.0,2211.0,1250.0,0.7958
288,302,1454.0,773.0,1649.0,1234.0,0.8387
288,307,2219.0,1030.0,2315.0,1265.0,0.6684
288,354,1239.0,826.0,1339.0,1104.0,0.6805
288,362,946.0,660.0,1273.0,1430.0,0.8639
288,415,118.0,912.0,206.0,994.0,0.2517
288,417,426.0,838.0,515.0,962.0,0.3357
288,346,1610.0,852.0,1704.0,1121.0,0.4233
289,292,1689.0,811.0,1818.0,1125.0,0.831
289,298,2087.0,986.0,2210.0,1252.0,0.861
289,302,1455.0,771.0,1649.0,1234.0,0.8285
289,307,2217.0,1026.0,2316.0,1267.0,0.6757
289,354,1247.0,827.0,1342.0,1095.0,0.5854
289,362,961.0,661.0,1284.0,1431.0,0.8767
289,415,122.0,916.0,202.0,990.0,0.3021
289,417,431.0,836.0,521.0,961.0,0.3207
289,346,1612.0,850.0,1703.0,1109.0,0.378
289,421,1357.0,845.0,1425.0,1071.0,0.4271
290,292,1690.0,810.0,1819.0,1124.0,0.8302
290,298,2085.0,985.0,2207.0,1251.0,0.8371
290,302,1457.0,773.0,1649.0,1232.0,0.8482
290,307,2214.0,1020.0,2313.0,1261.0,0.6781
290,354,1254.0,823.0,1345.0,1083.0,0.5137
290,362,980.0,664.0,1299.0,1430.0,0.861
290,417,438.0,835.0,529.0,960.0,0.4157
290,346,1611.0,846.0,1704.0,1113.0,0.437
290,421,1358.0,851.0,1424.0,1073.0,0.4114
290,411,793.0,792.0,941.0,1294.0,0.4612
290,405,1408.0,792.0,1492.0,1103.0,0.3181
291,292,1689.0,806.0,1817.0,1121.0,0.8508
291,298,2083.0,982.0,2204.0,1250.0,0.8087
291,302,1459.0,772.0,1647.0,1225.0,0.8461
291,307,2212.0,1023.0,2309.0,1258.0,0.6609
291,362,998.0,668.0,1314.0,1430.0,0.8007
291,417,444.0,835.0,531.0,956.0,0.4779
291,346,1611.0,844.0,1705.0,1115.0,0.4849
291,421,1360.0,857.0,1424.0,1072.0,0.4963
291,405,1417.0,825.0,1502.0,1137.0,0.4167
292,292,1689.0,805.0,1816.0,1116.0,0.849
292,298,2083.0,984.0,2202.0,1248.0,0.7712
292,302,1462.0,771.0,1648.0,1224.0,0.836
292,307,2209.0,1029.0,2303.0,1257.0,0.5895
292,362,1016.0,673.0,1328.0,1431.0,0.8881
292,417,447.0,835.0,536.0,957.0,0.3969
292,346,1611.0,843.0,1704.0,1110.0,0.4527
292,421,1358.0,857.0,1423.0,1072.0,0.4962
292,405,1421.0,840.0,1507.0,1149.0,0.4031
292,432,945.0,838.0,1021.0,1110.0,0.5491
292,411,798.0,794.0,945.0,1284.0,0.354
293,292,1687.0,805.0,1814.0,1118.0,0.8457
293,298,2082.0,984.0,2199.0,1247.0,0.7184
293,302,1464.0,771.0,1646.0,1217.0,0.827
293,307,2207.0,1025.0,2302.0,1256.0,0.5788
293,362,1031.0,681.0,1338.0,1431.0,0.8411
293,346,1611.0,843.0,1703.0,1111.0,0.4713
293,421,1358.0,855.0,1424.0,1073.0,0.4708
293,405,1424.0,847.0,1511.0,1154.0,0.3957
293,432,950.0,833.0,1022.0,1086.0,0.375
293,411,800.0,797.0,949.0,1283.0,0.2745
294,292,1686.0,806.0,1812.0,1118.0,0.8324
294,298,2079.0,984.0,2194.0,1242.0,0.7564
294,302,1469.0,771.0,1646.0,1212.0,0.8284
294,307,2197.0,1016.0,2295.0,1255.0,0.5646
294,362,1047.0,688.0,1350.0,1432.0,0.79
294,346,1609.0,842.0,1704.0,1118.0,0.4837
294,421,1359.0,853.0,1425.0,1072.0,0.4713
294,405,1424.0,851.0,1511.0,1155.0,0.4549
294,439,699.0,836.0,777.0,939.0,0.3798
294,417,458.0,836.0,546.0,957.0,0.431
295,292,1685.0,809.0,1809.0,1117.0,0.8181
295,298,2077.0,986.0,2191.0,1244.0,0.7606
295,302,1472.0,771.0,1648.0,1217.0,0.821
295,307,2195.0,1015.0,2291.0,1251.0,0.629
295,362,1065.0,694.0,1368.0,1431.0,0.79
295,346,1608.0,840.0,1706.0,1124.0,0.4783
295,421,1357.0,854.0,1423.0,1072.0,0.3477
295,405,1419.0,843.0,1511.0,1160.0,0.4077
295,439,699.0,836.0,778.0,939.0,0.3964
295,417,463.0,835.0,554.0,958.0,0.5748
296,292,1686.0,812.0,1808.0,1116.0,0.822
296,298,2075.0,987.0,2187.0,1243.0,0.7725
296,302,1478.0,772.0,1652.0,1218.0,0.8292
296,307,2193.0,1015.0,2286.0,1248.0,0.6578
296,362,1072.0,698.0,1374.0,1431.0,0.7914
296,346,1609.0,838.0,1707.0,1125.0,0.5036
296,421,1352.0,847.0,1419.0,1073.0,0.3463
296,405,1419.0,842.0,1513.0,1160.0,0.4784
296,439,698.0,835.0,779.0,941.0,0.4096
296,417,470.0,834.0,563.0,958.0,0.5495
296,446,150.0,849.0,268.0,987.0,0.4073
296,413,279.0,800.0,400.0,1056.0,0.3284
297,292,1687.0,813.0,1808.0,1116.0,0.8121
297,298,2073.0,990.0,2183.0,1240.0,0.7842
297,302,1485.0,773.0,1656.0,1214.0,0.829
297,307,2192.0,1019.0,2282.0,1245.0,0.6845
297,362,1089.0,701.0,1386.0,1432.0,0.8286
297,346,1612.0,838.0,1708.0,1123.0,0.5772
297,405,1416.0,838.0,1510.0,1155.0,0.5534
297,439,695.0,835.0,779.0,945.0,0.4194
297,417,478.0,835.0,570.0,957.0,0.5416
297,446,152.0,851.0,269.0,986.0,0.3254
297,413,278.0,800.0,402.0,1058.0,0.2549
298,292,1688.0,814.0,1809.0,1117.0,0.7992
298,298,2070.0,987.0,2181.0,1240.0,0.7739
298,302,1488.0,775.0,1655.0,1212.0,0.7847
298,307,2188.0,1009.0,2281.0,1245.0,0.7565
298,362,1103.0,702.0,1399.0,1433.0,0.824
298,346,1614.0,839.0,1708.0,1119.0,0.4456
298,405,1414.0,834.0,1510.0,1154.0,0.359
298,417,483.0,834.0,575.0,957.0,0.5026
298,450,1043.0,811.0,1120.0,948.0,0.3867
299,292,1690.0,812.0,1809.0,1111.0,0.7863
299,298,2069.0,984.0,2181.0,1239.0,0.7373
299,302,1493.0,781.0,1656.0,1211.0,0.7814
299,307,2185.0,1007.0,2279.0,1246.0,0.7305
299,362,1117.0,699.0,1412.0,1434.0,0.8475
299,346,1618.0,839.0,1709.0,1113.0,0.4306
299,405,1409.0,835.0,1507.0,1156.0,0.2769
299,417,489.0,836.0,580.0,958.0,0.48
299,446,160.0,851.0,275.0,985.0,0.2911
299,413,281.0,799.0,408.0,1056.0,0.3318
300,292,1691.0,812.0,1809.0,1109.0,0.7913
300,298,2065.0,986.0,2174.0,1234.0,0.7407
300,302,1507.0,782.0,1670.0,1209.0,0.8021
300,307,2183.0,1010.0,2275.0,1246.0,0.699
300,362,1129.0,697.0,1423.0,1434.0,0.8516
300,346,1619.0,838.0,1713.0,1120.0,0.5237
300,417,498.0,836.0,589.0,957.0,0.4129
300,454,1029.0,809.0,1134.0,1075.0,0.3594
300,446,159.0,850.0,276.0,986.0,0.3434
300,413,284.0,798.0,412.0,1053.0,0.3822
301,292,1693.0,812.0,1809.0,1107.0,0.8081
301,298,2063.0,986.0,2170.0,1230.0,0.7536
301,302,1515.0,784.0,1679.0,1210.0,0.8152
301,307,2182.0,1021.0,2271.0,1248.0,0.6017
301,362,1141.0,696.0,1432.0,1433.0,0.8772
301,346,1624.0,839.0,1713.0,1104.0,0.5446
301,417,509.0,835.0,596.0,953.0,0.4484
301,454,1028.0,809.0,1133.0,1073.0,0.4837
301,446,160.0,851.0,275.0,986.0,0.3964
301,413,286.0,799.0,416.0,1050.0,0.4046
302,292,1693.0,814.0,1809.0,1112.0,0.8085
302,298,2060.0,986.0,2167.0,1228.0,0.7854
302,302,1521.0,784.0,1687.0,1209.0,0.8304
302,307,2179.0,1024.0,2268.0,1249.0,0.6446
302,362,1154.0,698.0,1442.0,1433.0,0.868
302,346,1629.0,842.0,1713.0,1091.0,0.4828
302,417,520.0,833.0,609.0,956.0,0.4371
302,454,1030.0,809.0,1133.0,1067.0,0.5651
302,413,288.0,798.0,424.0,1057.0,0.5259
302,457,896.0,785.0,1017.0,1112.0,0.4327
303,292,1695.0,812.0,1810.0,1107.0,0.7994
303,298,2057.0,985.0,2164.0,1225.0,0.7861
303,302,1524.0,783.0,1690.0,1208.0,0.8142
303,307,2179.0,1027.0,2265.0,1247.0,0.6032
303,362,1164.0,699.0,1449.0,1430.0,0.8548
303,346,1637.0,846.0,1714.0,1076.0,0.4129
303,417,525.0,834.0,615.0,957.0,0.4426
303,454,1030.0,806.0,1134.0,1067.0,0.5817
303,413,290.0,799.0,429.0,1059.0,0.4623
303,457,891.0,785.0,1012.0,1111.0,0.3351
303,405,1413.0,817.0,1513.0,1147.0,0.2544
304,292,1694.0,810.0,1810.0,1108.0,0.8195
304,298,2056.0,981.0,2165.0,1225.0,0.7455
304,302,1526.0,783.0,1691.0,1206.0,0.8207
304,307,2178.0,1028.0,2262.0,1244.0,0.5528
304,362,1177.0,699.0,1461.0,1428.0,0.8786
304,346,1639.0,847.0,1714.0,1072.0,0.4136
304,417,533.0,833.0,624.0,957.0,0.4259
304,454,1028.0,806.0,1132.0,1067.0,0.5768
304,413,294.0,797.0,432.0,1052.0,0.3631
304,457,894.0,781.0,1016.0,1111.0,0.4148
304,460,72.0,911.0,157.0,1019.0,0.4109
304,405,1415.0,821.0,1511.0,1140.0,0.2628
305,292,1694.0,811.0,1807.0,1103.0,0.8237
305,298,2051.0,979.0,2161.0,1224.0,0.7392
305,302,1529.0,785.0,1692.0,1205.0,0.7853
305,307,2176.0,1019.0,2263.0,1243.0,0.4916
305,362,1186.0,698.0,1470.0,1429.0,0.8941
305,346,1642.0,847.0,1715.0,1068.0,0.4208
305,417,539.0,831.0,634.0,960.0,0.3715
305,454,1028.0,807.0,1132.0,1062.0,0.6161
305,413,297.0,798.0,437.0,1055.0,0.4491
305,457,908.0,783.0,1024.0,1096.0,0.4002
305,405,1437.0,808.0,1535.0,1133.0,0.4431
306,292,1695.0,809.0,1807.0,1100.0,0.8083
306,298,2050.0,981.0,2158.0,1222.0,0.7843
306,302,1533.0,787.0,1695.0,1204.0,0.8088
306,307,2174.0,1023.0,2260.0,1241.0,0.4118
306,362,1194.0,699.0,1479.0,1433.0,0.8953
306,346,1645.0,848.0,1716.0,1069.0,0.4724
306,454,1026.0,810.0,1132.0,1070.0,0.4601
306,413,307.0,801.0,445.0,1055.0,0.3369
306,457,896.0,779.0,1018.0,1106.0,0.612
306,405,1443.0,805.0,1538.0,1126.0,0.3848
306,386,1394.0,807.0,1509.0,1139.0,0.4162
306,460,75.0,907.0,159.0,1013.0,0.4477
307,292,1692.0,806.0,1806.0,1104.0,0.7498
307,298,2046.0,979.0,2156.0,1221.0,0.7013
307,302,1537.0,787.0,1698.0,1203.0,0.8509
307,307,2168.0,1033.0,2249.0,1236.0,0.4103
307,362,1198.0,699.0,1483.0,1434.0,0.8933
307,346,1648.0,846.0,1720.0,1071.0,0.3327
307,454,1029.0,810.0,1136.0,1074.0,0.2977
307,413,313.0,802.0,451.0,1058.0,0.4038
307,457,900.0,785.0,1024.0,1112.0,0.4337
307,386,1402.0,808.0,1519.0,1148.0,0.497
307,460,75.0,903.0,163.0,1015.0,0.5971
307,417,555.0,825.0,652.0,960.0,0.3511
308,292,1691.0,804.0,1806.0,1103.0,0.7552
308,298,2043.0,979.0,2154.0,1222.0,0.7165
308,302,1542.0,787.0,1701.0,1202.0,0.8489
308,307,2170.0,1032.0,2251.0,1235.0,0.4579
308,362,1201.0,700.0,1486.0,1435.0,0.8853
308,454,1033.0,814.0,1138.0,1073.0,0.3854
308,413,312.0,814.0,440.0,1054.0,0.3945
308,457,905.0,786.0,1029.0,1109.0,0.5287
308,386,1413.0,807.0,1543.0,1193.0,0.353
308,460,77.0,904.0,165.0,1015.0,0.3585
308,417,563.0,821.0,659.0,958.0,0.4386
309,292,1688.0,804.0,1804.0,1104.0,0.7975
309,298,2041.0,981.0,2152.0,1222.0,0.7258
309,302,1544.0,787.0,1702.0,1202.0,0.8249
309,307,2165.0,1031.0,2246.0,1232.0,0.5109
309,362,1203.0,702.0,1487.0,1434.0,0.8696
309,454,1027.0,811.0,1135.0,1082.0,0.404
309,457,916.0,785.0,1042.0,1111.0,0.4062
309,386,1424.0,808.0,1557.0,1209.0,0.5486
309,417,569.0,818.0,666.0,957.0,0.4403
310,292,1687.0,803.0,1802.0,1099.0,0.8045
310,298,2039.0,982.0,2149.0,1222.0,0.7004
310,302,1549.0,786.0,1705.0,1199.0,0.8624
310,307,2164.0,1030.0,2242.0,1225.0,0.5002
310,362,1212.0,703.0,1495.0,1434.0,0.8246
310,454,1024.0,810.0,1132.0,1084.0,0.4134
310,457,931.0,787.0,1052.0,1107.0,0.3063
310,386,1436.0,807.0,1574.0,1219.0,0.5966
310,417,574.0,816.0,671.0,956.0,0.2668
310,465,2209.0,987.0,2279.0,1203.0,0.4141
311,292,1687.0,805.0,1801.0,1098.0,0.8011
311,298,2036.0,979.0,2148.0,1224.0,0.7479
311,302,1554.0,786.0,1710.0,1195.0,0.8657
311,307,2162.0,1030.0,2239.0,1222.0,0.3991
311,362,1221.0,705.0,1502.0,1434.0,0.8424
311,454,1025.0,810.0,1134.0,1090.0,0.3274
311,457,925.0,786.0,1046.0,1108.0,0.2686
311,386,1445.0,805.0,1586.0,1219.0,0.6362
311,417,582.0,815.0,678.0,954.0,0.271
311,465,2210.0,987.0,2280.0,1202.0,0.4162
312,292,1688.0,805.0,1801.0,1095.0,0.7396
312,298,2035.0,983.0,2148.0,1225.0,0.7051
312,302,1559.0,786.0,1714.0,1196.0,0.8476
312,307,2163.0,1031.0,2234.0,1208.0,0.4327
312,362,1229.0,708.0,1508.0,1435.0,0.8336
312,386,1455.0,805.0,1598.0,1218.0,0.6745
312,417,587.0,815.0,682.0,953.0,0.2994
312,465,2211.0,985.0,2281.0,1201.0,0.4556
312,469,1187.0,849.0,1240.0,1078.0,0.6113
312,413,325.0,801.0,484.0,1103.0,0.3763
313,292,1691.0,808.0,1801.0,1094.0,0.6997
313,298,2033.0,986.0,2145.0,1226.0,0.7148
313,302,1565.0,786.0,1721.0,1195.0,0.8265
313,307,2161.0,1033.0,2234.0,1215.0,0.4047
313,362,1235.0,709.0,1512.0,1435.0,0.8723
313,386,1461.0,806.0,1605.0,1220.0,0.7364
313,465,2211.0,986.0,2281.0,1202.0,0.4633
313,469,1187.0,850.0,1240.0,1077.0,0.6923
313,413,330.0,799.0,490.0,1109.0,0.3427
314,292,1691.0,810.0,1800.0,1093.0,0.6782
314,298,2033.0,989.0,2142.0,1223.0,0.7615
314,302,1572.0,786.0,1728.0,1191.0,0.7927
314,307,2159.0,1033.0,2233.0,1218.0,0.4633
314,362,1240.0,711.0,1514.0,1436.0,0.8775
314,386,1466.0,806.0,1609.0,1223.0,0.7053
314,465,2211.0,986.0,2282.0,1204.0,0.4875
314,469,1184.0,854.0,1238.0,1077.0,0.6368
314,413,331.0,798.0,493.0,1113.0,0.2775
314,457,907.0,795.0,1025.0,1110.0,0.5159
315,292,1690.0,812.0,1798.0,1092.0,0.5778
315,298,2030.0,988.0,2141.0,1222.0,0.8073
315,302,1573.0,785.0,1730.0,1190.0,0.7564
315,307,2155.0,1032.0,2230.0,1219.0,0.5333
315,362,1245.0,712.0,1516.0,1436.0,0.876
315,386,1472.0,808.0,1614.0,1221.0,0.62
315,465,2212.0,987.0,2282.0,1201.0,0.56
315,469,1183.0,854.0,1237.0,1077.0,0.4634
315,413,335.0,797.0,496.0,1116.0,0.4543
315,457,912.0,795.0,1030.0,1112.0,0.5092
316,292,1690.0,813.0,1796.0,1092.0,0.5418
316,298,2029.0,990.0,2137.0,1219.0,0.803
316,302,1573.0,786.0,1729.0,1189.0,0.7479
316,307,2154.0,1029.0,2230.0,1219.0,0.5648
316,362,1250.0,714.0,1518.0,1433.0,0.8747
316,386,1479.0,811.0,1621.0,1221.0,0.7301
316,465,2213.0,989.0,2281.0,1197.0,0.4734
316,469,1181.0,855.0,1236.0,1076.0,0.3405
316,413,341.0,796.0,502.0,1117.0,0.3968
316,457,919.0,794.0,1036.0,1114.0,0.5356
317,292,1689.0,813.0,1795.0,1095.0,0.5731
317,298,2029.0,989.0,2136.0,1215.0,0.8023
317,302,1576.0,787.0,1730.0,1189.0,0.7237
317,307,2149.0,1028.0,2227.0,1220.0,0.6002
317,362,1256.0,715.0,1522.0,1432.0,0.8827
317,386,1489.0,808.0,1630.0,1215.0,0.6671
317,465,2213.0,990.0,2278.0,1190.0,0.3304
317,469,1175.0,856.0,1230.0,1074.0,0.6003
317,413,349.0,795.0,508.0,1116.0,0.3829
317,457,922.0,793.0,1040.0,1113.0,0.5075
318,292,1688.0,813.0,1793.0,1092.0,0.6799
318,298,2027.0,987.0,2135.0,1214.0,0.8187
318,302,1576.0,790.0,1728.0,1190.0,0.6743
318,307,2147.0,1027.0,2225.0,1220.0,0.6051
318,362,1262.0,715.0,1527.0,1432.0,0.8908
318,386,1497.0,804.0,1640.0,1212.0,0.7506
318,465,2211.0,989.0,2277.0,1190.0,0.3925
318,469,1172.0,857.0,1228.0,1071.0,0.5573
318,413,354.0,795.0,510.0,1116.0,0.492
318,457,925.0,789.0,1044.0,1111.0,0.5232
318,460,95.0,886.0,200.0,1017.0,0.3314
318,454,1023.0,805.0,1140.0,1117.0,0.4823
319,292,1688.0,814.0,1793.0,1091.0,0.724
319,298,2026.0,988.0,2132.0,1212.0,0.8008
319,302,1580.0,789.0,1725.0,1174.0,0.6143
319,307,2145.0,1025.0,2222.0,1216.0,0.6301
319,362,1269.0,715.0,1533.0,1432.0,0.8871
319,386,1506.0,800.0,1650.0,1215.0,0.7014
319,465,2210.0,986.0,2278.0,1194.0,0.5197
319,469,1169.0,856.0,1226.0,1069.0,0.5502
319,457,932.0,790.0,1049.0,1111.0,0.6194
319,460,99.0,882.0,203.0,1011.0,0.2584
319,454,1030.0,806.0,1146.0,1128.0,0.6034
320,292,1688.0,816.0,1791.0,1092.0,0.7085
320,298,2025.0,985.0,2132.0,1211.0,0.7947
320,302,1582.0,792.0,1728.0,1186.0,0.6124
320,307,2141.0,1026.0,2218.0,1216.0,0.6729
320,362,1276.0,716.0,1539.0,1432.0,0.8891
320,386,1513.0,798.0,1654.0,1208.0,0.6731
320,465,2208.0,987.0,2277.0,1195.0,0.5386
320,469,1166.0,856.0,1225.0,1068.0,0.6088
320,457,940.0,791.0,1053.0,1103.0,0.6428
320,460,99.0,877.0,206.0,1008.0,0.2705
320,454,1039.0,805.0,1153.0,1131.0,0.6877
321,292,1687.0,818.0,1790.0,1094.0,0.6758
321,298,2024.0,979.0,2132.0,1208.0,0.6567
321,302,1589.0,794.0,1728.0,1174.0,0.5653
321,307,2139.0,1026.0,2216.0,1216.0,0.6184
321,362,1281.0,717.0,1543.0,1432.0,0.8952
321,386,1521.0,801.0,1660.0,1213.0,0.71
321,465,2208.0,987.0,2276.0,1193.0,0.4998
321,469,1163.0,855.0,1225.0,1070.0,0.5415
321,457,944.0,790.0,1058.0,1108.0,0.6574
321,460,97.0,874.0,207.0,1007.0,0.2829
321,454,1042.0,803.0,1157.0,1137.0,0.6652
321,482,273.0,820.0,370.0,896.0,0.3624
322,292,1688.0,820.0,1790.0,1093.0,0.5386
322,298,2022.0,976.0,2130.0,1208.0,0.7835
322,302,1600.0,797.0,1734.0,1171.0,0.6187
322,307,2137.0,1030.0,2212.0,1215.0,0.7137
322,362,1282.0,718.0,1544.0,1433.0,0.8908
322,386,1525.0,804.0,1662.0,1212.0,0.7152
322,465,2206.0,986.0,2275.0,1193.0,0.545
322,469,1156.0,855.0,1220.0,1072.0,0.6035
322,457,947.0,790.0,1062.0,1110.0,0.6997
322,454,1046.0,801.0,1161.0,1138.0,0.6449
322,482,274.0,819.0,372.0,896.0,0.3513
323,292,1691.0,820.0,1790.0,1089.0,0.3495
323,298,2021.0,975.0,2129.0,1207.0,0.7888
323,302,1607.0,797.0,1744.0,1185.0,0.6222
323,307,2134.0,1031.0,2210.0,1215.0,0.6951
323,362,1283.0,718.0,1545.0,1434.0,0.8868
323,386,1525.0,806.0,1660.0,1209.0,0.7087
323,465,2206.0,986.0,2277.0,1193.0,0.5026
323,469,1154.0,856.0,1221.0,1071.0,0.5058
323,457,951.0,791.0,1066.0,1111.0,0.7239
323,454,1049.0,798.0,1165.0,1145.0,0.6337
324,298,2021.0,974.0,2124.0,1197.0,0.7768
324,302,1617.0,798.0,1758.0,1196.0,0.6522
324,307,2131.0,1029.0,2207.0,1213.0,0.6864
324,362,1286.0,717.0,1547.0,1434.0,0.8991
324,386,1529.0,807.0,1662.0,1210.0,0.6136
324,465,2206.0,985.0,2277.0,1194.0,0.6021
324,469,1150.0,855.0,1217.0,1070.0,0.3416
324,457,954.0,790.0,1068.0,1111.0,0.7237
324,454,1054.0,798.0,1168.0,1139.0,0.6127
324,482,292.0,820.0,386.0,894.0,0.3565
325,298,2021.0,974.0,2123.0,1196.0,0.7617
325,302,1639.0,798.0,1759.0,1129.0,0.4405
325,307,2129.0,1028.0,2203.0,1211.0,0.7006
325,362,1287.0,717.0,1549.0,1434.0,0.8952
325,386,1563.0,810.0,1702.0,1208.0,0.6453
325,465,2204.0,984.0,2278.0,1199.0,0.6328
325,469,1153.0,856.0,1221.0,1072.0,0.3954
325,457,955.0,789.0,1069.0,1109.0,0.7431
325,454,1060.0,797.0,1171.0,1137.0,0.6373
325,482,299.0,818.0,394.0,892.0,0.3348
325,460,97.0,856.0,220.0,1005.0,0.3053
326,298,2020.0,972.0,2121.0,1193.0,0.7692
326,302,1649.0,803.0,1765.0,1120.0,0.4759
326,307,2129.0,1032.0,2201.0,1209.0,0.6183
326,362,1287.0,717.0,1549.0,1434.0,0.8987
326,386,1579.0,809.0,1725.0,1208.0,0.7088
326,465,2204.0,984.0,2279.0,1200.0,0.5816
326,469,1156.0,863.0,1222.0,1073.0,0.3
326,457,956.0,788.0,1070.0,1109.0,0.7044
326,454,1060.0,798.0,1171.0,1137.0,0.6362
326,482,306.0,817.0,399.0,892.0,0.3763
326,498,409.0,791.0,534.0,957.0,0.4301
327,298,2020.0,971.0,2119.0,1190.0,0.7379
327,302,1660.0,805.0,1769.0,1098.0,0.3082
327,307,2128.0,1032.0,2200.0,1210.0,0.5847
327,362,1288.0,717.0,1549.0,1434.0,0.8904
327,386,1584.0,803.0,1738.0,1208.0,0.7477
327,465,2203.0,982.0,2281.0,1202.0,0.5995
327,457,959.0,787.0,1073.0,1109.0,0.6244
327,454,1064.0,798.0,1177.0,1142.0,0.6976
327,482,303.0,817.0,396.0,892.0,0.3443
327,498,414.0,789.0,540.0,956.0,0.4101
328,298,2019.0,971.0,2118.0,1192.0,0.6974
328,307,2125.0,1030.0,2197.0,1209.0,0.5155
328,362,1290.0,716.0,1551.0,1434.0,0.8837
328,386,1585.0,794.0,1749.0,1209.0,0.8287
328,465,2204.0,983.0,2281.0,1202.0,0.4827
328,457,962.0,795.0,1073.0,1111.0,0.5036
328,454,1074.0,801.0,1187.0,1137.0,0.6485
328,482,296.0,815.0,394.0,894.0,0.3627
328,498,426.0,792.0,549.0,955.0,0.4242
329,298,2017.0,970.0,2116.0,1191.0,0.6947
329,307,2122.0,1028.0,2195.0,1209.0,0.5754
329,362,1290.0,716.0,1551.0,1434.0,0.8872
329,386,1586.0,789.0,1756.0,1210.0,0.88
329,465,2204.0,984.0,2281.0,1201.0,0.4963
329,457,963.0,791.0,1076.0,1108.0,0.4799
329,454,1081.0,801.0,1194.0,1137.0,0.6484
329,482,293.0,811.0,397.0,896.0,0.2784
329,498,432.0,792.0,556.0,956.0,0.5039
329,505,292.0,813.0,399.0,1044.0,0.4041
330,298,2014.0,967.0,2115.0,1194.0,0.7351
330,307,2120.0,1027.0,2193.0,1208.0,0.5244
330,362,1289.0,716.0,1549.0,1433.0,0.8948
330,386,1589.0,791.0,1763.0,1212.0,0.7948
330,465,2205.0,985.0,2281.0,1195.0,0.4286
330,457,964.0,800.0,1074.0,1105.0,0.374
330,454,1084.0,802.0,1197.0,1135.0,0.7505
330,482,296.0,810.0,401.0,896.0,0.3005
330,498,437.0,795.0,559.0,956.0,0.4129
330,505,294.0,814.0,400.0,1044.0,0.4536
330,405,1541.0,822.0,1621.0,1096.0,0.3604
331,298,2012.0,967.0,2111.0,1188.0,0.649
331,307,2117.0,1021.0,2192.0,1207.0,0.5741
331,362,1288.0,717.0,1547.0,1433.0,0.8936
331,386,1599.0,794.0,1773.0,1212.0,0.7336
331,465,2207.0,984.0,2281.0,1189.0,0.4304
331,454,1090.0,804.0,1204.0,1137.0,0.7857
331,482,300.0,810.0,406.0,897.0,0.2751
331,498,446.0,801.0,562.0,954.0,0.377
331,505,296.0,814.0,402.0,1043.0,0.4753
331,405,1545.0,822.0,1624.0,1097.0,0.2901
332,298,2010.0,967.0,2106.0,1185.0,0.6209
332,307,2117.0,1019.0,2192.0,1207.0,0.5131
332,362,1288.0,717.0,1547.0,1433.0,0.8831
332,386,1602.0,795.0,1769.0,1204.0,0.5509
332,465,2207.0,983.0,2282.0,1188.0,0.4227
332,454,1094.0,804.0,1209.0,1139.0,0.7083
332,482,300.0,812.0,411.0,904.0,0.3813
332,498,455.0,797.0,572.0,952.0,0.3892
332,405,1549.0,823.0,1628.0,1101.0,0.4572
332,292,1676.0,820.0,1809.0,1203.0,0.5226
332,457,970.0,788.0,1089.0,1108.0,0.2864
333,298,2008.0,966.0,2104.0,1186.0,0.5934
333,307,2115.0,1016.0,2191.0,1207.0,0.5002
333,362,1287.0,717.0,1546.0,1433.0,0.8797
333,465,2208.0,984.0,2283.0,1187.0,0.3631
333,454,1100.0,806.0,1217.0,1140.0,0.6267
333,482,303.0,814.0,409.0,903.0,0.331
333,498,462.0,797.0,579.0,952.0,0.3924
333,405,1551.0,824.0,1631.0,1106.0,0.5395
333,512,947.0,812.0,998.0,885.0,0.3877
333,292,1673.0,827.0,1806.0,1210.0,0.6243
334,298,2004.0,968.0,2104.0,1193.0,0.6135
334,307,2116.0,1018.0,2190.0,1204.0,0.441
334,362,1287.0,716.0,1545.0,1433.0,0.8796
334,465,2208.0,984.0,2284.0,1187.0,0.3218
334,454,1102.0,804.0,1219.0,1139.0,0.6458
334,482,304.0,812.0,414.0,905.0,0.3844
334,498,468.0,793.0,589.0,952.0,0.3984
334,405,1552.0,823.0,1636.0,1116.0,0.5558
334,512,949.0,813.0,998.0,883.0,0.3648
334,386,1635.0,813.0,1797.0,1206.0,0.7132
334,457,990.0,787.0,1114.0,1121.0,0.4032
335,298,2002.0,969.0,2098.0,1186.0,0.5937
335,307,2115.0,1014.0,2190.0,1203.0,0.3991
335,362,1285.0,716.0,1543.0,1433.0,0.8855
335,465,2207.0,986.0,2283.0,1188.0,0.2932
335,454,1106.0,804.0,1224.0,1138.0,0.7262
335,482,300.0,810.0,429.0,922.0,0.3131
335,498,479.0,794.0,598.0,951.0,0.4318
335,405,1553.0,823.0,1640.0,1122.0,0.6036
335,512,948.0,815.0,995.0,883.0,0.4251
335,386,1645.0,815.0,1808.0,1206.0,0.737
335,457,1007.0,785.0,1126.0,1110.0,0.3902
336,298,1999.0,970.0,2096.0,1190.0,0.5987
336,307,2113.0,1013.0,2188.0,1201.0,0.4591
336,362,1287.0,715.0,1544.0,1433.0,0.8784
336,465,2206.0,985.0,2283.0,1188.0,0.3209
336,454,1109.0,804.0,1227.0,1135.0,0.6545
336,498,496.0,792.0,618.0,951.0,0.5071
336,405,1553.0,824.0,1640.0,1123.0,0.6618
336,512,949.0,816.0,997.0,883.0,0.3384
336,386,1648.0,814.0,1812.0,1207.0,0.7552
336,457,1013.0,784.0,1128.0,1103.0,0.3888
336,516,1634.0,838.0,1721.0,1158.0,0.402
337,298,1999.0,971.0,2089.0,1171.0,0.5874
337,307,2111.0,1012.0,2185.0,1200.0,0.5145
337,362,1288.0,715.0,1544.0,1433.0,0.8699
337,465,2205.0,985.0,2283.0,1190.0,0.2607
337,454,1115.0,804.0,1231.0,1134.0,0.7021
337,498,503.0,794.0,624.0,951.0,0.5703
337,405,1553.0,824.0,1641.0,1123.0,0.6521
337,512,944.0,816.0,993.0,884.0,0.3062
337,386,1661.0,815.0,1825.0,1207.0,0.7551
337,457,1018.0,784.0,1132.0,1105.0,0.5073
337,516,1638.0,839.0,1724.0,1158.0,0.4534
337,482,295.0,808.0,457.0,954.0,0.3457
338,298,1996.0,974.0,2089.0,1180.0,0.6212
338,307,2108.0,1010.0,2183.0,1200.0,0.575
338,362,1287.0,716.0,1542.0,1432.0,0.8643
338,454,1121.0,803.0,1235.0,1132.0,0.7278
338,498,507.0,795.0,627.0,951.0,0.6164
338,405,1553.0,825.0,1641.0,1121.0,0.6529
338,386,1667.0,814.0,1832.0,1207.0,0.7844
338,457,1019.0,784.0,1133.0,1101.0,0.6557
338,516,1623.0,812.0,1711.0,1136.0,0.4684
338,505,328.0,809.0,430.0,1027.0,0.4116
339,298,1992.0,971.0,2087.0,1182.0,0.6269
339,307,2106.0,1008.0,2181.0,1200.0,0.5772
339,362,1288.0,716.0,1541.0,1431.0,0.871
339,454,1127.0,802.0,1240.0,1129.0,0.6565
339,498,525.0,791.0,652.0,954.0,0.4772
339,405,1554.0,824.0,1641.0,1118.0,0.5698
339,386,1673.0,816.0,1837.0,1205.0,0.7593
339,457,1024.0,782.0,1137.0,1094.0,0.6144
339,516,1620.0,805.0,1708.0,1127.0,0.5545
339,521,329.0,808.0,437.0,896.0,0.3536
340,298,1990.0,969.0,2091.0,1192.0,0.6142
340,307,2105.0,1007.0,2180.0,1199.0,0.4889
340,362,1289.0,717.0,1542.0,1431.0,0.8682
340,454,1131.0,801.0,1242.0,1127.0,0.6503
340,498,534.0,793.0,661.0,955.0,0.396
340,405,1555.0,822.0,1643.0,1118.0,0.5316
340,386,1679.0,820.0,1841.0,1205.0,0.7724
340,457,1026.0,783.0,1138.0,1093.0,0.6743
340,516,1619.0,803.0,1711.0,1136.0,0.6237
340,521,331.0,807.0,445.0,900.0,0.3238
340,465,2206.0,987.0,2284.0,1191.0,0.282
340,505,342.0,807.0,434.0,1000.0,0.4126
341,298,1986.0,963.0,2089.0,1190.0,0.6599
341,307,2104.0,1007.0,2178.0,1198.0,0.579
341,362,1289.0,717.0,1541.0,1431.0,0.8647
341,454,1135.0,801.0,1246.0,1127.0,0.7165
341,405,1558.0,823.0,1646.0,1118.0,0.5332
341,386,1689.0,825.0,1851.0,1203.0,0.8058
341,457,1028.0,784.0,1139.0,1093.0,0.7025
341,516,1622.0,801.0,1714.0,1131.0,0.7185
341,527,887.0,817.0,1006.0,951.0,0.4822
341,530,826.0,815.0,902.0,1014.0,0.4219
341,465,2206.0,987.0,2284.0,1191.0,0.3669
342,298,1985.0,963.0,2090.0,1190.0,0.5944
342,307,2103.0,1007.0,2177.0,1199.0,0.5375
342,362,1289.0,718.0,1540.0,1432.0,0.8626
342,454,1140.0,802.0,1249.0,1125.0,0.7108
342,405,1558.0,824.0,1647.0,1119.0,0.5588
342,386,1691.0,827.0,1853.0,1204.0,0.8087
342,457,1029.0,782.0,1143.0,1100.0,0.7062
342,516,1624.0,801.0,1718.0,1137.0,0.7454
342,527,898.0,820.0,1001.0,935.0,0.4639
342,530,831.0,816.0,907.0,1015.0,0.4895
342,465,2206.0,985.0,2285.0,1190.0,0.3439
342,498,503.0,787.0,720.0,1075.0,0.4356
343,298,1983.0,963.0,2086.0,1183.0,0.5125
343,307,2103.0,1007.0,2176.0,1199.0,0.5828
343,362,1290.0,718.0,1540.0,1432.0,0.8565
343,454,1144.0,797.0,1254.0,1126.0,0.7002
343,405,1560.0,824.0,1649.0,1117.0,0.5085
343,386,1692.0,831.0,1852.0,1203.0,0.7933
343,457,1033.0,782.0,1149.0,1105.0,0.6942
343,516,1627.0,798.0,1721.0,1132.0,0.6708
343,527,892.0,819.0,1021.0,964.0,0.4767
343,530,839.0,814.0,916.0,1014.0,0.4636
343,465,2206.0,982.0,2286.0,1191.0,0.4489
343,536,342.0,809.0,454.0,1109.0,0.3774
343,498,507.0,784.0,733.0,1101.0,0.529
344,298,1979.0,958.0,2084.0,1183.0,0.5934
344,307,2103.0,1007.0,2174.0,1196.0,0.5668
344,362,1291.0,719.0,1540.0,1432.0,0.8678
344,454,1149.0,799.0,1257.0,1123.0,0.6729
344,405,1561.0,825.0,1651.0,1116.0,0.5099
344,386,1693.0,831.0,1852.0,1199.0,0.7987
344,457,1033.0,782.0,1149.0,1105.0,0.7155
344,516,1628.0,798.0,1723.0,1127.0,0.6998
344,530,844.0,814.0,921.0,1012.0,0.3267
344,465,2207.0,981.0,2285.0,1188.0,0.4923
344,536,346.0,808.0,459.0,1110.0,0.4788
344,498,519.0,784.0,745.0,1113.0,0.4467
344,538,1241.0,827.0,1312.0,1071.0,0.455
345,298,1976.0,958.0,2079.0,1177.0,0.4445
345,307,2103.0,1007.0,2172.0,1190.0,0.6275
345,362,1292.0,719.0,1540.0,1432.0,0.8711
345,454,1153.0,801.0,1261.0,1126.0,0.6415
345,405,1561.0,825.0,1649.0,1113.0,0.5039
345,386,1697.0,829.0,1856.0,1198.0,0.7609
345,457,1034.0,783.0,1150.0,1108.0,0.6954
345,516,1632.0,795.0,1727.0,1120.0,0.775
345,465,2207.0,982.0,2284.0,1186.0,0.5587
345,536,352.0,809.0,464.0,1110.0,0.4525
345,498,536.0,779.0,762.0,1119.0,0.4354
345,538,1241.0,828.0,1311.0,1069.0,0.3655
346,298,1972.0,952.0,2074.0,1167.0,0.5893
346,307,2103.0,1007.0,2171.0,1189.0,0.6945
346,362,1292.0,719.0,1540.0,1434.0,0.8685
346,454,1159.0,803.0,1269.0,1130.0,0.6104
346,405,1560.0,827.0,1646.0,1109.0,0.4822
346,386,1702.0,829.0,1861.0,1201.0,0.7837
346,457,1035.0,784.0,1151.0,1109.0,0.692
346,516,1634.0,794.0,1732.0,1119.0,0.767
346,465,2207.0,984.0,2285.0,1189.0,0.5753
346,536,357.0,807.0,470.0,1111.0,0.5611
346,498,551.0,778.0,774.0,1123.0,0.4533
346,538,1239.0,832.0,1309.0,1071.0,0.3737
347,298,1970.0,951.0,2072.0,1165.0,0.5743
347,307,2102.0,1007.0,2171.0,1189.0,0.7266
347,362,1292.0,719.0,1540.0,1435.0,0.8671
347,454,1163.0,801.0,1272.0,1127.0,0.6351
347,405,1558.0,829.0,1644.0,1110.0,0.5081
347,386,1708.0,829.0,1864.0,1195.0,0.8336
347,457,1038.0,784.0,1151.0,1105.0,0.7237
347,516,1634.0,795.0,1735.0,1125.0,0.7434
347,465,2208.0,986.0,2286.0,1192.0,0.525
347,536,361.0,807.0,473.0,1111.0,0.5376
347,498,562.0,777.0,779.0,1123.0,0.5626
347,538,1234.0,831.0,1304.0,1071.0,0.3496
348,298,1965.0,948.0,2069.0,1165.0,0.6295
348,307,2102.0,1007.0,2170.0,1187.0,0.7434
348,362,1293.0,719.0,1540.0,1435.0,0.8607
348,454,1163.0,800.0,1272.0,1127.0,0.5923
348,405,1557.0,829.0,1643.0,1110.0,0.4959
348,386,1713.0,826.0,1865.0,1186.0,0.8126
348,457,1039.0,784.0,1153.0,1109.0,0.7551
348,516,1633.0,796.0,1738.0,1132.0,0.7671
348,465,2207.0,985.0,2287.0,1195.0,0.5087
348,536,363.0,807.0,476.0,1112.0,0.5563
348,498,570.0,777.0,778.0,1120.0,0.4935
348,538,1225.0,826.0,1308.0,1113.0,0.3127
349,298,1958.0,935.0,2066.0,1163.0,0.6027
349,307,2101.0,1008.0,2168.0,1184.0,0.7243
349,362,1293.0,720.0,1539.0,1435.0,0.8651
349,454,1169.0,800.0,1280.0,1129.0,0.6649
349,405,1557.0,828.0,1643.0,1109.0,0.5079
349,386,1717.0,824.0,1867.0,1184.0,0.8098
349,457,1040.0,783.0,1153.0,1112.0,0.7615
349,516,1634.0,797.0,1740.0,1129.0,0.7611
349,465,2207.0,986.0,2287.0,1196.0,0.5182
349,536,368.0,807.0,480.0,1112.0,0.5275
349,498,578.0,774.0,779.0,1115.0,0.5545
349,543,2058.0,961.0,2121.0,1111.0,0.3692
350,298,1955.0,933.0,2065.0,1164.0,0.6221
350,307,2100.0,1008.0,2166.0,1183.0,0.6778
350,362,1293.0,720.0,1539.0,1435.0,0.8654
350,454,1169.0,805.0,1278.0,1128.0,0.5617
350,405,1561.0,831.0,1648.0,1115.0,0.491
350,386,1722.0,821.0,1871.0,1180.0,0.7877
350,457,1043.0,784.0,1157.0,1116.0,0.7483
350,516,1634.0,797.0,1744.0,1136.0,0.7665
350,465,2206.0,988.0,2286.0,1197.0,0.5375
350,536,374.0,808.0,485.0,1113.0,0.5376
350,498,588.0,774.0,780.0,1113.0,0.5422
350,543,2057.0,962.0,2121.0,1117.0,0.3483
350,538,1225.0,830.0,1310.0,1129.0,0.4127
351,298,1955.0,928.0,2066.0,1163.0,0.6631
351,307,2098.0,1009.0,2164.0,1184.0,0.6374
351,362,1293.0,720.0,1539.0,1434.0,0.8734
351,454,1173.0,805.0,1285.0,1129.0,0.6426
351,405,1564.0,832.0,1652.0,1116.0,0.5236
351,386,1728.0,821.0,1876.0,1181.0,0.8425
351,457,1046.0,783.0,1160.0,1119.0,0.7126
351,516,1634.0,798.0,1746.0,1138.0,0.7995
351,465,2206.0,989.0,2285.0,1198.0,0.3932
351,536,377.0,808.0,489.0,1113.0,0.5951
351,498,599.0,775.0,783.0,1113.0,0.5454
351,543,2057.0,965.0,2119.0,1114.0,0.2615
351,538,1224.0,829.0,1309.0,1131.0,0.2967
352,298,1952.0,929.0,2063.0,1163.0,0.633
352,307,2096.0,1008.0,2163.0,1185.0,0.6547
352,362,1293.0,720.0,1539.0,1434.0,0.8782
352,454,1175.0,805.0,1287.0,1128.0,0.7443
352,405,1564.0,831.0,1653.0,1114.0,0.487
352,386,1735.0,820.0,1882.0,1181.0,0.8138
352,457,1052.0,784.0,1166.0,1119.0,0.6903
352,516,1635.0,797.0,1748.0,1134.0,0.813
352,465,2208.0,988.0,2284.0,1192.0,0.3788
352,536,380.0,807.0,492.0,1112.0,0.6223
352,498,607.0,776.0,784.0,1112.0,0.565
353,298,1953.0,927.0,2064.0,1164.0,0.5751
353,307,2094.0,1006.0,2162.0,1184.0,0.5513
353,362,1293.0,720.0,1538.0,1434.0,0.8747
353,454,1177.0,807.0,1289.0,1127.0,0.7454
353,405,1562.0,829.0,1649.0,1106.0,0.3634
353,386,1742.0,820.0,1888.0,1177.0,0.726
353,457,1058.0,785.0,1172.0,1118.0,0.6495
353,516,1637.0,798.0,1750.0,1129.0,0.8077
353,465,2206.0,986.0,2282.0,1192.0,0.3016
353,536,386.0,808.0,497.0,1111.0,0.5381
353,498,617.0,775.0,790.0,1113.0,0.5439
353,530,901.0,823.0,980.0,1016.0,0.3555
354,298,1953.0,931.0,2059.0,1160.0,0.5363
354,307,2095.0,1008.0,2163.0,1188.0,0.5063
354,362,1294.0,721.0,1537.0,1432.0,0.8797
354,454,1178.0,805.0,1291.0,1127.0,0.742
354,405,1565.0,827.0,1654.0,1113.0,0.4534
354,386,1749.0,822.0,1895.0,1179.0,0.7565
354,457,1060.0,782.0,1174.0,1122.0,0.6537
354,516,1640.0,799.0,1754.0,1130.0,0.8171
354,465,2202.0,986.0,2280.0,1195.0,0.3588
354,536,389.0,809.0,499.0,1111.0,0.5745
354,498,622.0,775.0,793.0,1117.0,0.5486
354,550,394.0,809.0,499.0,893.0,0.3249
355,298,1951.0,929.0,2057.0,1160.0,0.5744
355,307,2092.0,1008.0,2160.0,1186.0,0.5124
355,362,1294.0,721.0,1537.0,1432.0,0.8782
355,454,1178.0,802.0,1293.0,1127.0,0.7494
355,405,1569.0,826.0,1661.0,1116.0,0.5619
355,386,1758.0,824.0,1903.0,1179.0,0.7695
355,457,1067.0,781.0,1181.0,1121.0,0.655
355,516,1643.0,800.0,1757.0,1131.0,0.8623
355,536,390.0,809.0,500.0,1111.0,0.5285
355,498,631.0,775.0,799.0,1117.0,0.4375
355,550,395.0,809.0,501.0,894.0,0.2718
355,552,1501.0,801.0,1587.0,1079.0,0.3932
356,298,1953.0,931.0,2056.0,1156.0,0.6162
356,307,2090.0,1008.0,2157.0,1185.0,0.5082
356,362,1295.0,721.0,1537.0,1431.0,0.8796
356,454,1180.0,802.0,1296.0,1126.0,0.7761
356,405,1567.0,821.0,1661.0,1118.0,0.4898
356,386,1765.0,825.0,1910.0,1180.0,0.7312
356,457,1070.0,783.0,1183.0,1121.0,0.6744
356,516,1646.0,802.0,1761.0,1131.0,0.8802
356,536,398.0,810.0,506.0,1110.0,0.2508
356,498,636.0,776.0,800.0,1116.0,0.3899
356,550,397.0,810.0,508.0,900.0,0.3572
356,552,1501.0,802.0,1587.0,1081.0,0.3857
356,530,910.0,820.0,1020.0,1097.0,0.5325
356,465,2200.0,984.0,2280.0,1192.0,0.3624
357,298,1953.0,932.0,2051.0,1150.0,0.5012
357,307,2088.0,1007.0,2155.0,1183.0,0.478
357,362,1296.0,722.0,1537.0,1431.0,0.8767
357,454,1185.0,803.0,1300.0,1126.0,0.7609
357,405,1567.0,819.0,1661.0,1117.0,0.5377
357,386,1769.0,829.0,1914.0,1179.0,0.7564
357,457,1078.0,785.0,1189.0,1118.0,0.587
357,516,1648.0,803.0,1765.0,1131.0,0.8649
357,498,651.0,776.0,816.0,1112.0,0.4178
357,550,402.0,811.0,513.0,901.0,0.4292
357,552,1502.0,800.0,1589.0,1081.0,0.4212
357,530,919.0,820.0,1029.0,1105.0,0.2911
357,465,2199.0,985.0,2281.0,1194.0,0.2862
358,298,1951.0,931.0,2049.0,1148.0,0.5059
358,307,2087.0,1006.0,2154.0,1183.0,0.5625
358,362,1296.0,721.0,1538.0,1431.0,0.8779
358,454,1187.0,802.0,1304.0,1126.0,0.7569
358,405,1568.0,823.0,1661.0,1114.0,0.5057
358,386,1771.0,830.0,1916.0,1176.0,0.7799
358,457,1086.0,786.0,1198.0,1118.0,0.5908
358,516,1649.0,804.0,1766.0,1129.0,0.8538
358,498,658.0,775.0,822.0,1112.0,0.3257
358,550,410.0,811.0,514.0,895.0,0.3753
358,552,1502.0,799.0,1589.0,1081.0,0.4761
358,530,929.0,818.0,1039.0,1107.0,0.3846
358,465,2205.0,987.0,2287.0,1196.0,0.3816
358,556,252.0,808.0,353.0,953.0,0.4001
359,298,1948.0,930.0,2045.0,1148.0,0.5262
359,307,2084.0,1008.0,2150.0,1182.0,0.4766
359,362,1296.0,721.0,1538.0,1430.0,0.8732
359,454,1188.0,802.0,1304.0,1125.0,0.7253
359,405,1567.0,825.0,1659.0,1113.0,0.4425
359,386,1774.0,833.0,1919.0,1177.0,0.7456
359,457,1090.0,787.0,1201.0,1116.0,0.5615
359,516,1649.0,807.0,1765.0,1125.0,0.8267
359,498,660.0,776.0,825.0,1112.0,0.5872
359,550,411.0,810.0,524.0,902.0,0.2798
359,552,1502.0,801.0,1588.0,1081.0,0.3511
359,530,936.0,817.0,1046.0,1109.0,0.6365
359,465,2212.0,990.0,2292.0,1197.0,0.3687
359,556,248.0,808.0,368.0,981.0,0.3646
360,298,1947.0,930.0,2042.0,1146.0,0.456
360,307,2081.0,1008.0,2145.0,1175.0,0.4939
360,362,1297.0,721.0,1538.0,1429.0,0.8745
360,454,1193.0,801.0,1309.0,1121.0,0.6261
360,405,1568.0,823.0,1661.0,1113.0,0.5227
360,386,1780.0,832.0,1925.0,1174.0,0.7397
360,457,1092.0,788.0,1203.0,1115.0,0.5763
360,516,1645.0,808.0,1762.0,1122.0,0.8054
360,498,664.0,776.0,829.0,1107.0,0.4916
360,550,420.0,809.0,527.0,898.0,0.364
360,552,1502.0,802.0,1586.0,1077.0,0.3907
360,530,942.0,817.0,1053.0,1114.0,0.5957
360,465,2219.0,989.0,2301.0,1197.0,0.3148
360,556,245.0,809.0,378.0,1001.0,0.3062
361,298,1945.0,927.0,2040.0,1148.0,0.4688
361,307,2077.0,1007.0,2142.0,1172.0,0.6112
361,362,1298.0,721.0,1538.0,1428.0,0.8732
361,454,1196.0,801.0,1313.0,1121.0,0.5967
361,405,1568.0,824.0,1660.0,1111.0,0.4614
361,386,1787.0,832.0,1931.0,1169.0,0.6574
361,457,1093.0,789.0,1205.0,1115.0,0.5275
361,516,1641.0,807.0,1759.0,1123.0,0.8037
361,498,666.0,779.0,832.0,1107.0,0.5509
361,550,426.0,807.0,533.0,897.0,0.5205
361,552,1501.0,803.0,1585.0,1076.0,0.3751
361,530,949.0,817.0,1057.0,1112.0,0.4071
362,298,1943.0,932.0,2035.0,1148.0,0.4493
362,307,2076.0,1006.0,2139.0,1169.0,0.5783
362,362,1298.0,720.0,1539.0,1427.0,0.8744
362,454,1203.0,802.0,1318.0,1121.0,0.5832
362,405,1568.0,823.0,1661.0,1111.0,0.5449
362,386,1795.0,830.0,1939.0,1167.0,0.7708
362,457,1092.0,789.0,1204.0,1113.0,0.4748
362,516,1639.0,808.0,1759.0,1128.0,0.8164
362,498,673.0,776.0,832.0,1085.0,0.3726
362,550,430.0,809.0,538.0,900.0,0.501
362,552,1502.0,805.0,1586.0,1076.0,0.4208
362,530,957.0,819.0,1064.0,1112.0,0.4689
362,465,2218.0,984.0,2302.0,1197.0,0.2951
363,298,1940.0,921.0,2036.0,1148.0,0.2635
363,307,2073.0,1004.0,2137.0,1168.0,0.5988
363,362,1298.0,720.0,1539.0,1429.0,0.8645
363,454,1208.0,805.0,1321.0,1122.0,0.5759
363,405,1569.0,821.0,1663.0,1113.0,0.5522
363,386,1802.0,828.0,1945.0,1164.0,0.7218
363,457,1081.0,791.0,1194.0,1113.0,0.4684
363,516,1638.0,805.0,1759.0,1124.0,0.8222
363,550,437.0,810.0,544.0,902.0,0.4983
363,552,1502.0,807.0,1585.0,1076.0,0.3901
363,559,1758.0,832.0,1820.0,1083.0,0.5463
364,298,1938.0,914.0,2037.0,1149.0,0.4687
364,307,2071.0,1003.0,2136.0,1168.0,0.5578
364,362,1299.0,720.0,1539.0,1428.0,0.8755
364,454,1213.0,807.0,1325.0,1124.0,0.5822
364,405,1569.0,821.0,1663.0,1110.0,0.5073
364,386,1809.0,827.0,1951.0,1159.0,0.7654
364,457,1086.0,822.0,1193.0,1112.0,0.4467
364,516,1637.0,804.0,1759.0,1123.0,0.83
364,552,1503.0,809.0,1586.0,1075.0,0.4636
364,559,1757.0,833.0,1820.0,1086.0,0.636
364,560,1804.0,843.0,1877.0,1151.0,0.4084
364,530,970.0,819.0,1077.0,1114.0,0.3159
365,298,1939.0,916.0,2035.0,1149.0,0.4155
365,307,2068.0,996.0,2134.0,1166.0,0.5069
365,362,1299.0,720.0,1540.0,1428.0,0.879
365,454,1214.0,805.0,1326.0,1124.0,0.745
365,405,1570.0,822.0,1664.0,1111.0,0.5321
365,386,1814.0,825.0,1954.0,1158.0,0.8052
365,457,1107.0,801.0,1219.0,1113.0,0.4582
365,516,1636.0,805.0,1758.0,1125.0,0.8345
365,552,1504.0,811.0,1586.0,1074.0,0.4454
365,559,1758.0,832.0,1821.0,1087.0,0.7269
365,465,2224.0,982.0,2308.0,1198.0,0.3288
365,550,448.0,812.0,553.0,903.0,0.431
366,298,1941.0,924.0,2031.0,1145.0,0.4767
366,307,2066.0,993.0,2133.0,1166.0,0.5561
366,362,1299.0,720.0,1539.0,1429.0,0.8789
366,454,1217.0,807.0,1327.0,1124.0,0.6796
366,405,1570.0,827.0,1660.0,1105.0,0.4975
366,386,1818.0,823.0,1956.0,1156.0,0.8316
366,457,1113.0,792.0,1228.0,1117.0,0.4504
366,516,1635.0,806.0,1758.0,1125.0,0.8402
366,552,1505.0,813.0,1586.0,1075.0,0.4219
366,559,1759.0,834.0,1823.0,1090.0,0.7418
366,465,2227.0,980.0,2313.0,1199.0,0.2622
366,550,457.0,811.0,558.0,899.0,0.5028
367,298,1945.0,929.0,2029.0,1136.0,0.5174
367,307,2064.0,990.0,2132.0,1165.0,0.6091
367,362,1299.0,719.0,1539.0,1429.0,0.8818
367,454,1220.0,805.0,1329.0,1122.0,0.7166
367,405,1572.0,827.0,1663.0,1104.0,0.5369
367,386,1822.0,822.0,1960.0,1157.0,0.8123
367,457,1105.0,789.0,1223.0,1119.0,0.5583
367,516,1634.0,804.0,1758.0,1123.0,0.8368
367,552,1509.0,814.0,1589.0,1073.0,0.3926
367,559,1761.0,834.0,1826.0,1092.0,0.7853
367,465,2226.0,980.0,2312.0,1199.0,0.3659
367,550,468.0,813.0,564.0,896.0,0.4495
367,498,745.0,780.0,872.0,1032.0,0.4223
367,530,987.0,819.0,1093.0,1113.0,0.319
368,298,1944.0,931.0,2026.0,1134.0,0.5258
368,307,2064.0,996.0,2130.0,1166.0,0.5347
368,362,1299.0,719.0,1540.0,1429.0,0.8769
368,454,1223.0,805.0,1330.0,1122.0,0.7047
368,405,1573.0,826.0,1663.0,1100.0,0.3898
368,386,1825.0,822.0,1964.0,1159.0,0.822
368,457,1102.0,788.0,1223.0,1120.0,0.5687
368,516,1634.0,804.0,1758.0,1124.0,0.8479
368,552,1513.0,817.0,1592.0,1072.0,0.3291
368,559,1762.0,832.0,1830.0,1096.0,0.7785
368,465,2220.0,981.0,2307.0,1199.0,0.3878
368,550,473.0,814.0,572.0,901.0,0.521
368,498,756.0,780.0,880.0,1027.0,0.357
368,530,994.0,819.0,1099.0,1112.0,0.3575
369,298,1945.0,931.0,2024.0,1130.0,0.5304
369,307,2062.0,997.0,2128.0,1166.0,0.5576
369,362,1299.0,719.0,1540.0,1429.0,0.8774
369,454,1222.0,807.0,1327.0,1121.0,0.6692
369,405,1573.0,827.0,1662.0,1098.0,0.4332
369,386,1828.0,824.0,1966.0,1160.0,0.8354
369,457,1105.0,790.0,1227.0,1122.0,0.6371
369,516,1634.0,805.0,1758.0,1123.0,0.8634
369,552,1519.0,824.0,1595.0,1070.0,0.3087
369,559,1764.0,832.0,1834.0,1098.0,0.7842
369,465,2220.0,980.0,2307.0,1198.0,0.329
369,550,473.0,814.0,590.0,919.0,0.4197
369,498,762.0,777.0,884.0,1022.0,0.316
369,568,301.0,800.0,406.0,888.0,0.5041
370,298,1945.0,927.0,2024.0,1125.0,0.3092
370,307,2059.0,988.0,2128.0,1169.0,0.4528
370,362,1300.0,719.0,1540.0,1429.0,0.8768
370,454,1224.0,809.0,1328.0,1122.0,0.7062
370,405,1573.0,829.0,1662.0,1099.0,0.5643
370,386,1831.0,826.0,1967.0,1160.0,0.8138
370,457,1112.0,790.0,1233.0,1121.0,0.7334
370,516,1634.0,806.0,1758.0,1123.0,0.8642
370,552,1518.0,825.0,1594.0,1072.0,0.3062
370,559,1765.0,834.0,1836.0,1100.0,0.7662
370,465,2222.0,983.0,2307.0,1198.0,0.3038
370,550,471.0,812.0,606.0,937.0,0.5648
370,498,770.0,773.0,891.0,1017.0,0.4435
370,568,302.0,799.0,409.0,888.0,0.528
370,530,1025.0,818.0,1129.0,1109.0,0.4085
371,307,2053.0,964.0,2130.0,1168.0,0.532
371,362,1300.0,720.0,1540.0,1429.0,0.8759
371,454,1223.0,809.0,1326.0,1122.0,0.6819
371,405,1572.0,829.0,1663.0,1103.0,0.5807
371,386,1834.0,827.0,1968.0,1159.0,0.82
371,457,1118.0,793.0,1237.0,1121.0,0.7774
371,516,1634.0,807.0,1758.0,1123.0,0.8634
371,559,1765.0,833.0,1837.0,1098.0,0.5972
371,465,2219.0,983.0,2304.0,1197.0,0.281
371,550,474.0,813.0,615.0,948.0,0.5016
371,498,778.0,772.0,896.0,1012.0,0.4518
371,568,303.0,797.0,412.0,888.0,0.4021
371,530,1039.0,816.0,1141.0,1110.0,0.6383
372,307,2055.0,974.0,2127.0,1166.0,0.536
372,362,1300.0,720.0,1539.0,1429.0,0.8782
372,454,1227.0,808.0,1328.0,1121.0,0.7018
372,405,1571.0,831.0,1661.0,1100.0,0.5526
372,386,1838.0,828.0,1971.0,1159.0,0.7756
372,457,1125.0,794.0,1241.0,1120.0,0.8378
372,516,1634.0,809.0,1759.0,1124.0,0.8765
372,559,1764.0,837.0,1838.0,1105.0,0.7416
372,465,2221.0,984.0,2303.0,1195.0,0.2817
372,550,482.0,812.0,624.0,953.0,0.5771
372,498,792.0,775.0,908.0,1010.0,0.3487
372,568,311.0,797.0,418.0,887.0,0.339
372,530,1050.0,816.0,1150.0,1112.0,0.5992
373,307,2057.0,983.0,2125.0,1165.0,0.5175
373,362,1301.0,721.0,1540.0,1429.0,0.8725
373,454,1230.0,808.0,1330.0,1120.0,0.6152
373,405,1571.0,831.0,1660.0,1098.0,0.5346
373,386,1841.0,827.0,1973.0,1160.0,0.7604
373,457,1129.0,793.0,1245.0,1121.0,0.8002
373,516,1635.0,809.0,1759.0,1122.0,0.8668
373,559,1763.0,838.0,1839.0,1108.0,0.6711
373,465,2222.0,987.0,2302.0,1196.0,0.3075
373,550,490.0,810.0,631.0,954.0,0.4644
373,498,801.0,772.0,919.0,1012.0,0.4888
373,568,316.0,796.0,425.0,887.0,0.3566
373,530,1058.0,814.0,1157.0,1112.0,0.6024
374,307,2058.0,989.0,2124.0,1163.0,0.4701
374,362,1302.0,721.0,1540.0,1429.0,0.8745
374,454,1230.0,808.0,1328.0,1121.0,0.5149
374,405,1569.0,831.0,1660.0,1099.0,0.563
374,386,1843.0,829.0,1973.0,1160.0,0.74
374,457,1134.0,791.0,1248.0,1119.0,0.7502
374,516,1637.0,811.0,1761.0,1121.0,0.8572
374,559,1761.0,835.0,1839.0,1107.0,0.6446
374,465,2223.0,988.0,2300.0,1194.0,0.3546
374,550,506.0,809.0,649.0,953.0,0.364
374,498,811.0,775.0,926.0,1012.0,0.3246
374,568,321.0,797.0,428.0,887.0,0.4965
374,530,1065.0,812.0,1163.0,1118.0,0.6557
374,298,1944.0,909.0,2026.0,1119.0,0.3169
375,307,2056.0,983.0,2123.0,1163.0,0.4413
375,362,1302.0,721.0,1540.0,1429.0,0.8701
375,454,1230.0,808.0,1329.0,1123.0,0.4837
375,405,1568.0,828.0,1660.0,1099.0,0.5571
375,386,1845.0,829.0,1973.0,1158.0,0.74
375,457,1140.0,793.0,1252.0,1118.0,0.7313
375,516,1638.0,814.0,1761.0,1120.0,0.8844
375,559,1763.0,833.0,1842.0,1106.0,0.6912
375,465,2225.0,989.0,2301.0,1195.0,0.404
375,550,519.0,808.0,659.0,951.0,0.2845
375,498,819.0,775.0,935.0,1016.0,0.4956
375,568,328.0,798.0,432.0,887.0,0.4021
375,530,1070.0,810.0,1168.0,1116.0,0.7316
376,307,2053.0,964.0,2125.0,1163.0,0.5161
376,362,1303.0,721.0,1541.0,1429.0,0.8751
376,454,1231.0,806.0,1329.0,1121.0,0.557
376,405,1569.0,829.0,1660.0,1099.0,0.5383
376,386,1848.0,831.0,1973.0,1153.0,0.695
376,457,1146.0,793.0,1257.0,1118.0,0.6626
376,516,1637.0,814.0,1761.0,1120.0,0.8873
376,559,1764.0,831.0,1845.0,1104.0,0.7376
376,465,2227.0,986.0,2302.0,1195.0,0.2789
376,550,529.0,806.0,668.0,950.0,0.4286
376,498,832.0,785.0,940.0,1010.0,0.4655
376,568,335.0,797.0,440.0,887.0,0.4771
376,530,1073.0,805.0,1172.0,1119.0,0.7172
377,307,2053.0,966.0,2123.0,1162.0,0.5336
377,362,1304.0,720.0,1542.0,1429.0,0.8749
377,454,1230.0,808.0,1326.0,1117.0,0.5044
377,405,1569.0,829.0,1660.0,1096.0,0.4909
377,386,1851.0,831.0,1974.0,1150.0,0.6869
377,457,1151.0,794.0,1261.0,1121.0,0.675
377,516,1637.0,815.0,1760.0,1119.0,0.8832
377,559,1763.0,830.0,1846.0,1105.0,0.7826
377,465,2230.0,985.0,2304.0,1193.0,0.3241
377,550,539.0,802.0,677.0,947.0,0.384
377,498,838.0,786.0,943.0,1008.0,0.5411
377,568,339.0,796.0,445.0,888.0,0.4276
377,530,1079.0,807.0,1181.0,1133.0,0.6257
377,298,1947.0,918.0,2028.0,1130.0,0.3461
378,307,2052.0,960.0,2124.0,1162.0,0.493
378,362,1304.0,720.0,1541.0,1430.0,0.8783
378,454,1232.0,801.0,1330.0,1118.0,0.4336
378,405,1568.0,829.0,1661.0,1096.0,0.5909
378,386,1855.0,831.0,1975.0,1144.0,0.6522
378,457,1157.0,793.0,1266.0,1119.0,0.6135
378,516,1638.0,816.0,1761.0,1117.0,0.8656
378,559,1762.0,829.0,1846.0,1105.0,0.7647
378,465,2234.0,986.0,2307.0,1194.0,0.2683
378,550,547.0,801.0,678.0,940.0,0.2952
378,498,843.0,791.0,945.0,1006.0,0.3218
378,568,340.0,793.0,451.0,888.0,0.3707
378,530,1084.0,810.0,1186.0,1137.0,0.6882
379,307,2052.0,951.0,2127.0,1162.0,0.4728
379,362,1303.0,720.0,1542.0,1432.0,0.8718
379,454,1238.0,800.0,1334.0,1118.0,0.3215
379,405,1569.0,827.0,1662.0,1095.0,0.5641
379,386,1859.0,832.0,1979.0,1145.0,0.6635
379,457,1166.0,796.0,1273.0,1120.0,0.6523
379,516,1638.0,816.0,1760.0,1117.0,0.8789
379,559,1761.0,828.0,1848.0,1106.0,0.7656
379,465,2236.0,984.0,2311.0,1197.0,0.3175
379,550,553.0,797.0,687.0,943.0,0.3535
379,498,848.0,784.0,953.0,1009.0,0.3654
379,568,344.0,792.0,456.0,889.0,0.5054
379,530,1093.0,810.0,1195.0,1142.0,0.6637
380,307,2049.0,927.0,2132.0,1162.0,0.4746
380,362,1302.0,719.0,1541.0,1432.0,0.8701
380,405,1568.0,826.0,1661.0,1093.0,0.6202
380,386,1864.0,833.0,1985.0,1144.0,0.7111
380,457,1173.0,797.0,1278.0,1120.0,0.6789
380,516,1639.0,816.0,1760.0,1116.0,0.881
380,559,1758.0,827.0,1847.0,1105.0,0.7324
380,465,2238.0,981.0,2313.0,1197.0,0.3522
380,550,559.0,800.0,691.0,947.0,0.4354
380,498,852.0,786.0,958.0,1008.0,0.3849
380,568,351.0,791.0,461.0,887.0,0.3867
380,530,1101.0,810.0,1204.0,1143.0,0.6206
381,307,2052.0,936.0,2132.0,1163.0,0.4693
381,362,1301.0,719.0,1540.0,1431.0,0.8608
381,405,1568.0,827.0,1660.0,1091.0,0.6038
381,386,1868.0,834.0,1988.0,1140.0,0.6651
381,457,1184.0,793.0,1285.0,1101.0,0.6559
381,516,1639.0,814.0,1759.0,1114.0,0.8714
381,559,1758.0,828.0,1849.0,1109.0,0.7709
381,465,2241.0,982.0,2315.0,1198.0,0.395
381,550,564.0,797.0,695.0,947.0,0.4388
381,498,873.0,778.0,982.0,999.0,0.5683
381,530,1114.0,809.0,1222.0,1144.0,0.6409
381,577,353.0,787.0,467.0,1107.0,0.5138
382,307,2051.0,939.0,2130.0,1163.0,0.4948
382,362,1301.0,719.0,1540.0,1430.0,0.8755
382,405,1571.0,825.0,1663.0,1089.0,0.5889
382,386,1871.0,834.0,1991.0,1141.0,0.7047
382,457,1193.0,792.0,1292.0,1093.0,0.6427
382,516,1640.0,812.0,1760.0,1113.0,0.8822
382,559,1758.0,828.0,1850.0,1111.0,0.7132
382,465,2243.0,980.0,2318.0,1199.0,0.3511
382,550,571.0,795.0,700.0,947.0,0.3251
382,498,881.0,774.0,996.0,1004.0,0.5729
382,530,1124.0,810.0,1236.0,1143.0,0.6067
382,577,360.0,788.0,472.0,1105.0,0.3541
382,568,361.0,792.0,469.0,885.0,0.2654
383,307,2056.0,968.0,2124.0,1161.0,0.4124
383,362,1301.0,719.0,1541.0,1429.0,0.8727
383,405,1573.0,824.0,1666.0,1089.0,0.7107
383,386,1874.0,835.0,1995.0,1141.0,0.646
383,457,1204.0,793.0,1304.0,1097.0,0.5393
383,516,1641.0,811.0,1759.0,1110.0,0.8885
383,559,1757.0,828.0,1851.0,1111.0,0.6126
383,465,2245.0,980.0,2320.0,1198.0,0.3817
383,498,888.0,772.0,1004.0,1004.0,0.6521
383,530,1125.0,811.0,1240.0,1137.0,0.3866
383,577,367.0,789.0,480.0,1105.0,0.2983
383,568,364.0,793.0,470.0,886.0,0.2765
383,552,1518.0,809.0,1597.0,1066.0,0.3381
384,307,2059.0,982.0,2123.0,1160.0,0.4185
384,362,1302.0,719.0,1542.0,1429.0,0.8481
384,405,1575.0,823.0,1667.0,1089.0,0.7476
384,386,1877.0,837.0,1998.0,1142.0,0.6476
384,457,1216.0,798.0,1312.0,1090.0,0.4339
384,516,1642.0,810.0,1759.0,1106.0,0.8874
384,559,1758.0,829.0,1852.0,1110.0,0.7017
384,465,2247.0,980.0,2321.0,1197.0,0.4465
384,498,890.0,772.0,1012.0,1017.0,0.6059
384,530,1126.0,812.0,1248.0,1142.0,0.5795
384,568,364.0,791.0,476.0,887.0,0.2892
384,552,1516.0,805.0,1595.0,1066.0,0.3697
385,362,1299.0,719.0,1541.0,1429.0,0.8244
385,405,1577.0,824.0,1668.0,1088.0,0.6567
385,386,1880.0,839.0,2000.0,1143.0,0.6551
385,457,1222.0,795.0,1320.0,1093.0,0.5705
385,516,1643.0,810.0,1759.0,1104.0,0.8797
385,559,1758.0,830.0,1853.0,1109.0,0.7255
385,465,2248.0,982.0,2321.0,1197.0,0.5291
385,498,895.0,770.0,1017.0,1017.0,0.5862
385,530,1127.0,815.0,1254.0,1144.0,0.6039
385,568,370.0,791.0,484.0,888.0,0.2577
386,362,1301.0,718.0,1543.0,1429.0,0.8454
386,405,1577.0,824.0,1669.0,1089.0,0.6166
386,386,1885.0,843.0,2005.0,1142.0,0.7099
386,457,1229.0,803.0,1324.0,1098.0,0.3861
386,516,1645.0,809.0,1760.0,1103.0,0.8783
386,559,1760.0,832.0,1855.0,1108.0,0.709
386,465,2250.0,983.0,2323.0,1195.0,0.3959
386,498,892.0,768.0,1035.0,1064.0,0.5467
386,530,1125.0,816.0,1254.0,1144.0,0.6031
386,568,376.0,791.0,488.0,887.0,0.3874
387,362,1301.0,718.0,1544.0,1429.0,0.8475
387,405,1580.0,825.0,1670.0,1089.0,0.6707
387,386,1885.0,844.0,2007.0,1146.0,0.777
387,457,1236.0,810.0,1329.0,1105.0,0.344
387,516,1645.0,808.0,1762.0,1105.0,0.8996
387,559,1762.0,830.0,1859.0,1110.0,0.7295
387,465,2252.0,982.0,2324.0,1193.0,0.4228
387,498,898.0,768.0,1047.0,1085.0,0.409
387,530,1142.0,809.0,1274.0,1141.0,0.4295
387,568,385.0,790.0,497.0,885.0,0.2995
387,585,1090.0,824.0,1163.0,1035.0,0.3825
387,577,388.0,788.0,501.0,1103.0,0.3319
387,552,1519.0,819.0,1593.0,1063.0,0.2786
388,362,1301.0,717.0,1545.0,1429.0,0.8505
388,405,1580.0,824.0,1671.0,1089.0,0.6555
388,386,1886.0,846.0,2007.0,1144.0,0.6843
388,516,1646.0,807.0,1762.0,1106.0,0.9126
388,559,1764.0,830.0,1862.0,1110.0,0.7471
388,465,2251.0,980.0,2324.0,1190.0,0.4693
388,498,909.0,769.0,1055.0,1090.0,0.4816
388,530,1152.0,808.0,1284.0,1140.0,0.6134
388,568,378.0,789.0,523.0,915.0,0.4182
388,585,1089.0,823.0,1162.0,1031.0,0.4346
388,587,322.0,817.0,381.0,876.0,0.3916
388,577,395.0,788.0,507.0,1097.0,0.331
388,552,1521.0,822.0,1594.0,1064.0,0.3322
388,307,2062.0,985.0,2125.0,1158.0,0.2905
389,362,1299.0,715.0,1545.0,1430.0,0.8539
389,405,1581.0,825.0,1671.0,1088.0,0.6734
389,386,1892.0,850.0,2012.0,1143.0,0.5965
389,516,1646.0,806.0,1762.0,1105.0,0.912
389,559,1765.0,829.0,1864.0,1111.0,0.7152
389,465,2253.0,979.0,2326.0,1189.0,0.3548
389,498,918.0,769.0,1063.0,1095.0,0.5569
389,530,1162.0,809.0,1292.0,1140.0,0.5904
389,568,376.0,789.0,536.0,932.0,0.5543
389,585,1091.0,825.0,1162.0,1031.0,0.3509
389,587,322.0,813.0,386.0,877.0,0.3768
389,307,2060.0,984.0,2126.0,1162.0,0.3006
